Respondent,Age,Country,DatabaseDesireNextYear,DatabaseWorkedWith,DevType,EdLevel,LanguageDesireNextYear,LanguageWorkedWith,YearsCode
123,26.0,United States,Cassandra;Firebase;MongoDB;PostgreSQL;Redis,Cassandra,"Developer, back-end;Developer, full-stack","Bachelor’s degree (B.A., B.S., B.Eng., etc.)",C;C++;Go;Kotlin;Rust,Bash/Shell/PowerShell;C++;Go;Java;Python,8
125,41.0,United States,PostgreSQL,PostgreSQL,Data scientist or machine learning specialist;Scientist,"Other doctoral degree (Ph.D., Ed.D., etc.)",Python,Python;SQL,11
426,37.0,Germany,Elasticsearch;MariaDB;MySQL,Elasticsearch;MariaDB;MySQL,"Developer, back-end","Bachelor’s degree (B.A., B.S., B.Eng., etc.)",Haskell;HTML/CSS;JavaScript;PHP;Rust,Bash/Shell/PowerShell;HTML/CSS;JavaScript;PHP;Python;SQL,19
665,24.0,United States,,PostgreSQL,"Developer, front-end","Bachelor’s degree (B.A., B.S., B.Eng., etc.)",HTML/CSS;JavaScript;TypeScript,HTML/CSS;JavaScript;Python;Ruby,4
685,31.0,United Kingdom,MongoDB,Firebase,"Data scientist or machine learning specialist;Engineer, data;Scientist","Other doctoral degree (Ph.D., Ed.D., etc.)",Assembly;Bash/Shell/PowerShell;C++;Python,Bash/Shell/PowerShell;C#;C++;HTML/CSS;JavaScript;Objective-C;Python,20
818,40.0,United States,PostgreSQL;Redis;SQLite,IBM DB2;MySQL;PostgreSQL;SQLite,Data or business analyst,"Bachelor’s degree (B.A., B.S., B.Eng., etc.)",Bash/Shell/PowerShell;HTML/CSS;Java;JavaScript;Python;SQL,Bash/Shell/PowerShell;HTML/CSS;Java;Python;SQL;VBA,25
903,47.0,United Kingdom,,,Senior executive/VP,"Other doctoral degree (Ph.D., Ed.D., etc.)",C;C++;Java;Python;VBA,C;C++;Java;Python;VBA,36
935,33.0,Canada,MongoDB,SQLite,"Developer, back-end;Engineer, data","Master’s degree (M.A., M.S., M.Eng., MBA, etc.)",Julia,HTML/CSS;JavaScript;Python,15
939,24.0,United Kingdom,Couchbase;Elasticsearch;IBM DB2;MongoDB;Redis,IBM DB2;Microsoft SQL Server,"Developer, back-end;Developer, desktop or enterprise applications;Developer, embedded applications or devices;Developer, full-stack","Master’s degree (M.A., M.S., M.Eng., MBA, etc.)",Bash/Shell/PowerShell;C#;C++;Java;JavaScript;Python;R;TypeScript,Bash/Shell/PowerShell;HTML/CSS;Java;JavaScript;Python;SQL;TypeScript,13
1076,48.0,United States,DynamoDB;Firebase;PostgreSQL;Redis,DynamoDB;Firebase;Microsoft SQL Server;PostgreSQL;Redis,"Data or business analyst;Developer, back-end;Developer, embedded applications or devices;Developer, front-end;Developer, mobile","Master’s degree (M.A., M.S., M.Eng., MBA, etc.)",C#;Dart;Go;Kotlin;Python;Swift;TypeScript,Bash/Shell/PowerShell;C#;Dart;JavaScript;Python;SQL;TypeScript,38
1117,35.0,United States,DynamoDB;Elasticsearch,DynamoDB,"Developer, back-end","Master’s degree (M.A., M.S., M.Eng., MBA, etc.)",Bash/Shell/PowerShell;Java;Kotlin;Python;Ruby,Bash/Shell/PowerShell;Java;Kotlin;Python;Ruby;Scala,23
1193,30.0,United States,,,"Developer, back-end;Developer, embedded applications or devices;Developer, front-end;Developer, full-stack","Bachelor’s degree (B.A., B.S., B.Eng., etc.)",,Bash/Shell/PowerShell;C;Python,11
1220,34.0,Canada,Microsoft SQL Server;PostgreSQL,Microsoft SQL Server;PostgreSQL,Data scientist or machine learning specialist,"Master’s degree (M.A., M.S., M.Eng., MBA, etc.)",Bash/Shell/PowerShell;Python;SQL,Bash/Shell/PowerShell;Python;SQL,5
1387,30.0,United States,Elasticsearch;PostgreSQL,Elasticsearch;MongoDB;Oracle;PostgreSQL,"Data scientist or machine learning specialist;Developer, back-end;Engineer, data","Bachelor’s degree (B.A., B.S., B.Eng., etc.)",Kotlin;Python;SQL,Bash/Shell/PowerShell;Java;Python;R;Scala,10
1413,25.0,United States,Microsoft SQL Server;MySQL,Microsoft SQL Server;MySQL,"Database administrator;Designer;Developer, back-end;Developer, front-end;Engineer, site reliability;System administrator",Some college/university study without earning a degree,Bash/Shell/PowerShell;HTML/CSS;JavaScript;Perl;PHP;Python;SQL,Bash/Shell/PowerShell;HTML/CSS;JavaScript;Perl;PHP;Python;SQL,13
1629,36.0,United States,PostgreSQL;Redis;SQLite,Elasticsearch;PostgreSQL;Redis;SQLite,"Developer, back-end;Developer, front-end;Developer, full-stack","Bachelor’s degree (B.A., B.S., B.Eng., etc.)",HTML/CSS;Python;Rust;TypeScript,HTML/CSS;JavaScript;Python;Rust;SQL,17
1793,27.0,United States,MariaDB;PostgreSQL;Redis,Elasticsearch;Oracle;SQLite,"Developer, back-end","Bachelor’s degree (B.A., B.S., B.Eng., etc.)",Dart;Go;Ruby,Bash/Shell/PowerShell;C++;HTML/CSS;Python;Rust;SQL,12
2034,28.0,United States,Microsoft SQL Server;MySQL,MySQL;SQLite,"Database administrator;Developer, full-stack","Bachelor’s degree (B.A., B.S., B.Eng., etc.)",Bash/Shell/PowerShell;Python;SQL,Bash/Shell/PowerShell;Python;SQL;VBA,10
2093,55.0,United States,Firebase,Firebase;MongoDB,Product manager,"Bachelor’s degree (B.A., B.S., B.Eng., etc.)",C;HTML/CSS;JavaScript;Kotlin;Python;TypeScript,C;C++;HTML/CSS;JavaScript;Python,10
2135,26.0,United States,MongoDB;Redis,MongoDB;MySQL;Redis,"Developer, back-end;Developer, embedded applications or devices","Bachelor’s degree (B.A., B.S., B.Eng., etc.)",C;HTML/CSS;JavaScript;Python,C;HTML/CSS;JavaScript;Python,8
2348,43.0,United States,MongoDB;PostgreSQL,MongoDB;PostgreSQL,"Developer, desktop or enterprise applications;Developer, full-stack;Developer, mobile;Developer, QA or test;DevOps specialist;Engineering manager;Product manager",Some college/university study without earning a degree,Bash/Shell/PowerShell;Java;JavaScript;Python;TypeScript,Bash/Shell/PowerShell;Java;JavaScript;Python;TypeScript,12
2503,28.0,United States,,Microsoft SQL Server,"Developer, desktop or enterprise applications;Developer, embedded applications or devices;DevOps specialist","Bachelor’s degree (B.A., B.S., B.Eng., etc.)",Bash/Shell/PowerShell;C;C#;C++;HTML/CSS;JavaScript;Python;Rust,Bash/Shell/PowerShell;C;C#;C++;Python,10
2522,99.0,United States,,Microsoft SQL Server;MySQL,"Developer, game or graphics","Associate degree (A.A., A.S., etc.)",Go;R;Rust,Assembly;C;C#;C++;Java;Python;Ruby,40
2569,40.0,United States,Microsoft SQL Server;PostgreSQL,Microsoft SQL Server;Oracle,"Data or business analyst;Developer, full-stack","Bachelor’s degree (B.A., B.S., B.Eng., etc.)",HTML/CSS;Java;JavaScript;Kotlin;Python;R;SQL;TypeScript,HTML/CSS;Java;JavaScript;Python;SQL,20
2578,,United States,Microsoft SQL Server;PostgreSQL,Microsoft SQL Server;MySQL;PostgreSQL;SQLite,"Developer, back-end;Developer, desktop or enterprise applications;Developer, game or graphics",Some college/university study without earning a degree,C#;HTML/CSS;SQL,C#;Go;HTML/CSS;JavaScript;Python;SQL;TypeScript,30
2683,23.0,United States,MongoDB;MySQL;PostgreSQL,MySQL;PostgreSQL,Data or business analyst;Data scientist or machine learning specialist,"Bachelor’s degree (B.A., B.S., B.Eng., etc.)",C++;Python;R;SQL,Python;R;SQL,6
2957,30.0,United States,Elasticsearch;Microsoft SQL Server;MongoDB,MySQL;PostgreSQL,"Developer, front-end","Master’s degree (M.A., M.S., M.Eng., MBA, etc.)",Go;Haskell;Rust;Scala,Assembly;C#;C++;Python;R;SQL,5
3045,35.0,United States,MongoDB;MySQL;Oracle;PostgreSQL;SQLite,DynamoDB;MariaDB;Microsoft SQL Server;MongoDB;MySQL;Oracle;SQLite,"Developer, back-end;Developer, desktop or enterprise applications;Developer, front-end;Developer, full-stack","Bachelor’s degree (B.A., B.S., B.Eng., etc.)",Bash/Shell/PowerShell;C#;C++;Go;HTML/CSS;Java;JavaScript;PHP;Python;Ruby;Rust;SQL,Bash/Shell/PowerShell;C;C#;C++;Go;HTML/CSS;Java;JavaScript;Perl;PHP;Python;Ruby;SQL;TypeScript;VBA,23
3072,32.0,United States,MongoDB,Microsoft SQL Server;Redis,"Data scientist or machine learning specialist;Developer, full-stack;DevOps specialist;Engineer, site reliability;System administrator","Master’s degree (M.A., M.S., M.Eng., MBA, etc.)",C#;Python;Rust,C#;Python,10
3222,24.0,United States,MongoDB,MongoDB;Redis,"Developer, back-end;Developer, desktop or enterprise applications;Developer, QA or test","Bachelor’s degree (B.A., B.S., B.Eng., etc.)",Assembly;Bash/Shell/PowerShell;C;C++;Dart;Go;Java;JavaScript;Ruby,Assembly;Bash/Shell/PowerShell;C;C#;C++;Java;JavaScript;Kotlin;Python;Ruby;SQL,8
3236,31.0,United States,Microsoft SQL Server,Microsoft SQL Server,"Developer, back-end;Developer, front-end;Developer, QA or test","Bachelor’s degree (B.A., B.S., B.Eng., etc.)",C#;C++;HTML/CSS;JavaScript;Python,C;C#;C++;HTML/CSS;JavaScript;Python,6
3261,34.0,United States,DynamoDB;MySQL;Redis,DynamoDB;MongoDB,"Data scientist or machine learning specialist;Database administrator;Developer, back-end;Developer, full-stack;Developer, game or graphics;DevOps specialist;Educator;Engineer, data;Product manager;Senior executive/VP","Bachelor’s degree (B.A., B.S., B.Eng., etc.)",HTML/CSS;Java;JavaScript;Python,HTML/CSS;Java;JavaScript;Python,11
3295,24.0,United States,PostgreSQL;SQLite,MySQL;PostgreSQL;SQLite,"Developer, back-end;Developer, front-end;Developer, full-stack;Developer, game or graphics;Developer, mobile;Scientist","Bachelor’s degree (B.A., B.S., B.Eng., etc.)",Assembly;Bash/Shell/PowerShell;C;C++;HTML/CSS;JavaScript;Python;SQL,Assembly;Bash/Shell/PowerShell;C;C#;C++;HTML/CSS;Java;JavaScript;PHP;Python;Ruby;SQL,6
3322,48.0,Canada,Elasticsearch;PostgreSQL,PostgreSQL;SQLite,"Data or business analyst;Database administrator;Developer, back-end;Developer, desktop or enterprise applications;Developer, front-end;Developer, full-stack;Developer, mobile;DevOps specialist","Bachelor’s degree (B.A., B.S., B.Eng., etc.)",JavaScript;Python;Rust;TypeScript,Bash/Shell/PowerShell;HTML/CSS;JavaScript;Python;SQL,35
3332,,India,Cassandra;DynamoDB;Elasticsearch;MongoDB;MySQL;PostgreSQL;Redis;SQLite,MongoDB;MySQL;PostgreSQL;Redis,"Developer, back-end","Bachelor’s degree (B.A., B.S., B.Eng., etc.)",Go;Java;JavaScript;Python;Scala;SQL,Go;Java;Python;Scala;SQL,7
3442,39.0,United States,,Microsoft SQL Server;MongoDB;MySQL;PostgreSQL;Redis;SQLite,"Developer, back-end;Developer, embedded applications or devices;Developer, mobile;Engineering manager","Bachelor’s degree (B.A., B.S., B.Eng., etc.)",,C;C++;Go;HTML/CSS;Java;JavaScript;Kotlin;Objective-C;PHP;Python;SQL;Swift;TypeScript,23
3570,35.0,United States,,PostgreSQL;SQLite,"Developer, back-end;Developer, front-end;System administrator","Bachelor’s degree (B.A., B.S., B.Eng., etc.)",C;C++,C;C++;Java;JavaScript;Python;TypeScript,10
3605,41.0,Canada,Elasticsearch;Microsoft SQL Server,Microsoft SQL Server,"Data or business analyst;Database administrator;Developer, back-end;Developer, full-stack;Developer, QA or test;Engineer, data","Master’s degree (M.A., M.S., M.Eng., MBA, etc.)",HTML/CSS;Java;JavaScript;Python;R;SQL,Bash/Shell/PowerShell;Python;SQL,17
3620,22.0,United States,,IBM DB2;MariaDB;Microsoft SQL Server;MongoDB;MySQL;SQLite,"Developer, full-stack",Some college/university study without earning a degree,,Bash/Shell/PowerShell;HTML/CSS;Java;JavaScript;Python;R;Ruby,8
3908,30.0,United States,,Microsoft SQL Server,"Developer, embedded applications or devices","Master’s degree (M.A., M.S., M.Eng., MBA, etc.)",C;C#;C++;Rust;VBA,Assembly;Bash/Shell/PowerShell;C;C#;C++;Java;Python;VBA,12
3948,25.0,United States,MariaDB;MongoDB;Redis,MariaDB;Microsoft SQL Server;MongoDB;MySQL;Oracle;PostgreSQL;SQLite,"Data or business analyst;Data scientist or machine learning specialist;Database administrator;Designer;Developer, back-end;Developer, desktop or enterprise applications;Developer, front-end;Developer, full-stack;Developer, mobile;Developer, QA or test;DevOps specialist;System administrator","Secondary school (e.g. American high school, German Realschule or Gymnasium, etc.)",Dart;Go;HTML/CSS;JavaScript;Rust;TypeScript,Assembly;C;C#;C++;HTML/CSS;Java;JavaScript;PHP;Python;R;SQL,6
3958,32.0,United States,DynamoDB;PostgreSQL,Microsoft SQL Server,Data or business analyst;Product manager,"Bachelor’s degree (B.A., B.S., B.Eng., etc.)",Python;Rust,C#;Python;Rust;SQL,5
4002,,United Kingdom,Microsoft SQL Server;MySQL;PostgreSQL;SQLite,DynamoDB;Microsoft SQL Server;MySQL;PostgreSQL;SQLite,"Developer, back-end;Developer, full-stack",Some college/university study without earning a degree,C#;Go;HTML/CSS;JavaScript;SQL;TypeScript,C#;HTML/CSS;JavaScript;PHP;Python;SQL;TypeScript,3
4027,29.0,United States,Elasticsearch;Microsoft SQL Server;MongoDB;MySQL;PostgreSQL;Redis;SQLite,Elasticsearch;Microsoft SQL Server;MongoDB;MySQL;PostgreSQL;SQLite,"Academic researcher;Data scientist or machine learning specialist;Engineer, data","Bachelor’s degree (B.A., B.S., B.Eng., etc.)",C#;C++;Go;Julia;Python;Scala;SQL,Go;HTML/CSS;JavaScript;Julia;PHP;Python;R;Ruby;Scala;SQL,10
4129,23.0,United States,DynamoDB;Microsoft SQL Server;PostgreSQL,Firebase;Microsoft SQL Server;Oracle;PostgreSQL,"Data or business analyst;Data scientist or machine learning specialist;Developer, back-end;Engineer, data","Bachelor’s degree (B.A., B.S., B.Eng., etc.)",Bash/Shell/PowerShell;Go;HTML/CSS;Java;JavaScript;Julia;Python;R;Rust;Scala;SQL,Bash/Shell/PowerShell;HTML/CSS;Java;JavaScript;Python;R;SQL,7
4140,29.0,United States,Elasticsearch;MongoDB;MySQL,Elasticsearch;Microsoft SQL Server;MongoDB;MySQL;Redis,"Developer, full-stack","Bachelor’s degree (B.A., B.S., B.Eng., etc.)",Go;HTML/CSS;JavaScript;Python;TypeScript,Bash/Shell/PowerShell;C#;Go;HTML/CSS;JavaScript;PHP;Python;SQL;TypeScript,12
4538,26.0,United States,PostgreSQL;Redis;SQLite,PostgreSQL;Redis;SQLite,"Developer, back-end;Developer, front-end;Developer, full-stack","Associate degree (A.A., A.S., etc.)",Go;JavaScript;Python;Rust;TypeScript,C;JavaScript;Python;TypeScript,3
4657,32.0,United States,DynamoDB,DynamoDB;MySQL;SQLite,"Developer, back-end;Developer, front-end;Developer, full-stack;DevOps specialist;Engineer, site reliability;System administrator","Bachelor’s degree (B.A., B.S., B.Eng., etc.)",Bash/Shell/PowerShell;Go;Java;Python;SQL;TypeScript,Bash/Shell/PowerShell;Go;Java;JavaScript;Python;SQL;TypeScript,14
4791,22.0,United States,,Oracle;Redis,"Developer, desktop or enterprise applications;Developer, full-stack","Bachelor’s degree (B.A., B.S., B.Eng., etc.)",Bash/Shell/PowerShell;C#;Go;Haskell;HTML/CSS;JavaScript;Python;Rust;SQL;TypeScript,Bash/Shell/PowerShell;C#;HTML/CSS;Java;JavaScript;Python;SQL,8
4810,30.0,United States,PostgreSQL,Firebase;SQLite,"Developer, back-end;Developer, mobile","Bachelor’s degree (B.A., B.S., B.Eng., etc.)",,Java;JavaScript;Kotlin;Python,8
5031,26.0,United States,,,"Developer, embedded applications or devices;Developer, QA or test","Bachelor’s degree (B.A., B.S., B.Eng., etc.)",Bash/Shell/PowerShell;C++;Python,Bash/Shell/PowerShell;C++;Python,10
5185,44.0,United States,MariaDB;PostgreSQL;Redis;SQLite,MariaDB;PostgreSQL;SQLite,"Designer;DevOps specialist;Engineer, site reliability;Engineering manager;System administrator","Bachelor’s degree (B.A., B.S., B.Eng., etc.)",Bash/Shell/PowerShell;Go;HTML/CSS;Python,Bash/Shell/PowerShell;C;C++;HTML/CSS;Java;Perl;Python;Ruby;Scala,27
5292,33.0,Canada,Microsoft SQL Server;MySQL;PostgreSQL,MySQL;PostgreSQL;SQLite,"Developer, back-end",Some college/university study without earning a degree,HTML/CSS;PHP;Python;SQL,Python;SQL,20
5552,37.0,United States,Microsoft SQL Server;MySQL;PostgreSQL;SQLite,Microsoft SQL Server,Data or business analyst;Data scientist or machine learning specialist;Scientist,"Other doctoral degree (Ph.D., Ed.D., etc.)",Bash/Shell/PowerShell;Python,Python,4
5725,26.0,Canada,Redis,,"Developer, back-end;DevOps specialist","Bachelor’s degree (B.A., B.S., B.Eng., etc.)",Go;Python;Ruby;TypeScript,Bash/Shell/PowerShell;JavaScript;Python,10
6384,,Germany,Microsoft SQL Server;MySQL;PostgreSQL;Redis,Elasticsearch;MariaDB;Microsoft SQL Server;MongoDB;MySQL;PostgreSQL;Redis,"Data or business analyst;Data scientist or machine learning specialist;Developer, back-end;Developer, front-end;Engineer, data","Master’s degree (M.A., M.S., M.Eng., MBA, etc.)",Haskell;Julia;R;Rust,C;C#;C++;JavaScript;Julia;Python;R;SQL,17
7749,30.0,United Kingdom,Elasticsearch;Firebase;Microsoft SQL Server;Redis,Firebase;Microsoft SQL Server;PostgreSQL,"Developer, full-stack","Bachelor’s degree (B.A., B.S., B.Eng., etc.)",C#;C++;Kotlin,Bash/Shell/PowerShell;C;C#;JavaScript;Python;R;SQL;TypeScript,10
8015,33.0,Germany,,,"Data scientist or machine learning specialist;Developer, full-stack","Other doctoral degree (Ph.D., Ed.D., etc.)",Bash/Shell/PowerShell;C;C++;Python,Bash/Shell/PowerShell;C;C++;Dart;Java;JavaScript;Python,14
8457,22.0,India,Elasticsearch;MySQL;Oracle,MySQL;Oracle,"Academic researcher;Data scientist or machine learning specialist;Developer, desktop or enterprise applications;Developer, embedded applications or devices","Bachelor’s degree (B.A., B.S., B.Eng., etc.)",C;C++;Java;Python,Assembly;C;C++;HTML/CSS;Java;Python;SQL,4
8811,42.0,Germany,,Cassandra;Elasticsearch;MariaDB;MongoDB;MySQL;Redis,"Engineer, site reliability;System administrator",,,Bash/Shell/PowerShell;Go;Java;Kotlin;Python;Ruby,28
9455,30.0,Germany,,Elasticsearch;MongoDB;MySQL;PostgreSQL;SQLite,"Data or business analyst;Developer, back-end;Developer, front-end;Developer, full-stack","Other doctoral degree (Ph.D., Ed.D., etc.)",HTML/CSS;Java;JavaScript;Python;TypeScript,HTML/CSS;Java;JavaScript;Python;TypeScript,17
9811,31.0,Germany,Elasticsearch;MySQL;Redis,Elasticsearch;MariaDB;Microsoft SQL Server;MySQL;PostgreSQL;Redis;SQLite,"Developer, back-end;DevOps specialist","Bachelor’s degree (B.A., B.S., B.Eng., etc.)",Go;PHP;Python,Go;HTML/CSS;PHP;Python;SQL,17
9835,47.0,United States,,,"Academic researcher;Data or business analyst;Data scientist or machine learning specialist;Database administrator;Designer;Developer, back-end;Developer, desktop or enterprise applications;Developer, embedded applications or devices;Developer, front-end;Developer, full-stack;Developer, game or graphics;Developer, mobile;Developer, QA or test;DevOps specialist;Educator;Engineer, data;Engineer, site reliability;Engineering manager;Marketing or sales professional;Product manager;Scientist;Senior executive/VP;System administrator","Professional degree (JD, MD, etc.)",,Assembly;Bash/Shell/PowerShell;C++;Dart;Go;Haskell;HTML/CSS;Java;JavaScript;Julia;Objective-C;Perl;PHP;Python;Ruby;Rust;Scala;SQL;Swift;TypeScript;VBA,47
10284,35.0,United Kingdom,,Elasticsearch;Microsoft SQL Server;MongoDB;MySQL,"Data or business analyst;Database administrator;Designer;Developer, back-end;Developer, desktop or enterprise applications;Developer, front-end;Developer, game or graphics;Developer, mobile;Developer, QA or test;DevOps specialist;Educator;Marketing or sales professional;System administrator",Some college/university study without earning a degree,Bash/Shell/PowerShell;C#;C++;Dart;Go;HTML/CSS;JavaScript;Objective-C;PHP;Python;R;Ruby;SQL;TypeScript,Bash/Shell/PowerShell;C#;C++;HTML/CSS;JavaScript;Objective-C;PHP;Python;Ruby;SQL;TypeScript,27
10328,29.0,United Kingdom,Redis;SQLite,,"Developer, desktop or enterprise applications","Bachelor’s degree (B.A., B.S., B.Eng., etc.)",Go;Java;Python;Rust,Java;Python,8
10356,27.0,Germany,Microsoft SQL Server;MongoDB;MySQL,IBM DB2;Microsoft SQL Server;MongoDB;MySQL;Oracle;SQLite,"Data or business analyst;Data scientist or machine learning specialist;Designer;Developer, desktop or enterprise applications;Developer, full-stack;DevOps specialist;Engineer, data;Product manager","Master’s degree (M.A., M.S., M.Eng., MBA, etc.)",Kotlin;R,C#;HTML/CSS;Java;JavaScript;PHP;Python;SQL;TypeScript,12
10895,29.0,United Kingdom,Elasticsearch;Redis,MySQL;PostgreSQL;SQLite,"Developer, full-stack;Developer, mobile","Bachelor’s degree (B.A., B.S., B.Eng., etc.)",,Go;HTML/CSS;Java;JavaScript;Kotlin;Objective-C;PHP;Python;SQL;Swift,7
11229,28.0,United Kingdom,,,"Developer, back-end;Developer, desktop or enterprise applications;Developer, embedded applications or devices;Developer, front-end;Developer, full-stack;Developer, game or graphics;Developer, mobile","Master’s degree (M.A., M.S., M.Eng., MBA, etc.)",Assembly;Bash/Shell/PowerShell;C;C++;Go;HTML/CSS;JavaScript;Julia;Python;R;Rust;TypeScript,Assembly;Bash/Shell/PowerShell;C;C++;Go;HTML/CSS;JavaScript;Python;Rust;TypeScript,15
11467,64.0,Canada,,Oracle,"Designer;Developer, full-stack;Educator;Scientist","Master’s degree (M.A., M.S., M.Eng., MBA, etc.)",C;C++;Go;Java;Rust,Assembly;Bash/Shell/PowerShell;C;C++;Go;Java;JavaScript;Python;Rust,46
12854,,Germany,Cassandra;Couchbase;Elasticsearch;MariaDB;MongoDB;MySQL;PostgreSQL;SQLite,DynamoDB;Elasticsearch;Firebase;MariaDB;Microsoft SQL Server;MongoDB;MySQL;Oracle;PostgreSQL;SQLite,"Developer, back-end;Developer, desktop or enterprise applications;Developer, embedded applications or devices;Developer, front-end;DevOps specialist;System administrator","Bachelor’s degree (B.A., B.S., B.Eng., etc.)",C;C++;Go;Java;JavaScript;Python;R;Rust;SQL,Bash/Shell/PowerShell;C;C#;C++;Go;HTML/CSS;Java;JavaScript;PHP;Python;SQL,16
13277,52.0,United Kingdom,MongoDB;SQLite,SQLite,"Developer, back-end;Developer, desktop or enterprise applications","Bachelor’s degree (B.A., B.S., B.Eng., etc.)",Bash/Shell/PowerShell;C#;C++;HTML/CSS;Python;SQL,Bash/Shell/PowerShell;C#;C++;Python;SQL,38
13371,25.0,United States,Cassandra;Elasticsearch;PostgreSQL,Cassandra;Elasticsearch;Firebase;MongoDB;PostgreSQL,"Academic researcher;Developer, back-end;Developer, full-stack;Scientist","Bachelor’s degree (B.A., B.S., B.Eng., etc.)",Haskell;Scala;TypeScript,Assembly;Bash/Shell/PowerShell;C;C++;Haskell;HTML/CSS;Java;JavaScript;Python;Scala;SQL;TypeScript,8
13517,47.0,United Kingdom,DynamoDB;PostgreSQL,MariaDB;MySQL;SQLite,"Database administrator;Developer, back-end;Developer, front-end;Developer, full-stack","Bachelor’s degree (B.A., B.S., B.Eng., etc.)",Go;Swift,Bash/Shell/PowerShell;HTML/CSS;JavaScript;PHP;Python;SQL;TypeScript,38
13548,48.0,United States,Firebase;Microsoft SQL Server;Oracle,Microsoft SQL Server;MySQL;Oracle,"Designer;Developer, back-end;Developer, desktop or enterprise applications;Developer, front-end;Developer, full-stack","Bachelor’s degree (B.A., B.S., B.Eng., etc.)",C#;C++;Objective-C;TypeScript,Bash/Shell/PowerShell;HTML/CSS;Java;JavaScript;Python;SQL;TypeScript,17
13679,32.0,United Kingdom,,Couchbase;Redis,"Developer, back-end;DevOps specialist","Bachelor’s degree (B.A., B.S., B.Eng., etc.)",C;Go;Rust,Bash/Shell/PowerShell;Go;JavaScript;Perl;Python,15
13752,34.0,Germany,DynamoDB;MariaDB;MySQL;PostgreSQL;Redis,Elasticsearch;MariaDB;MongoDB;MySQL;PostgreSQL;Redis;SQLite,"Developer, back-end","Master’s degree (M.A., M.S., M.Eng., MBA, etc.)",Go;Python;Rust,Bash/Shell/PowerShell;Go;HTML/CSS;JavaScript;Perl;PHP;Python,20
13821,23.0,United States,Microsoft SQL Server;MySQL;Oracle;SQLite,Microsoft SQL Server;MySQL;Oracle;SQLite,"Academic researcher;Data or business analyst;Data scientist or machine learning specialist;Database administrator;Designer;Developer, back-end;Developer, desktop or enterprise applications;Developer, full-stack;Developer, mobile;Scientist","Master’s degree (M.A., M.S., M.Eng., MBA, etc.)",Dart;Go;JavaScript;Python;SQL;Swift,JavaScript;Python;SQL,2
13949,30.0,Germany,,Oracle,Academic researcher;Data scientist or machine learning specialist,"Master’s degree (M.A., M.S., M.Eng., MBA, etc.)",,Bash/Shell/PowerShell;Python;SQL,6
14105,41.0,United States,PostgreSQL;Redis,PostgreSQL;Redis,"Database administrator;Developer, back-end;Developer, embedded applications or devices;Developer, front-end;Developer, full-stack;DevOps specialist;Engineer, data","Bachelor’s degree (B.A., B.S., B.Eng., etc.)",HTML/CSS;Rust;Scala,HTML/CSS;Java;Python;Rust;Scala,25
14224,31.0,United States,Firebase;MySQL;Redis;SQLite,Firebase;Microsoft SQL Server;MySQL;Redis,"Designer;Developer, back-end;Developer, front-end;Developer, full-stack;Developer, QA or test;DevOps specialist","Bachelor’s degree (B.A., B.S., B.Eng., etc.)",HTML/CSS;JavaScript;PHP;Ruby;SQL;TypeScript,Bash/Shell/PowerShell;HTML/CSS;JavaScript;PHP;Python;SQL;TypeScript,11
14397,36.0,Germany,MySQL;PostgreSQL;Redis;SQLite,MySQL;PostgreSQL;Redis;SQLite,"Developer, back-end;Developer, front-end;Developer, full-stack;Product manager","Master’s degree (M.A., M.S., M.Eng., MBA, etc.)",Go;HTML/CSS;JavaScript;Python;Rust,C;C++;HTML/CSS;Java;JavaScript;Python;SQL;VBA,11
14415,22.0,Canada,PostgreSQL,,"Developer, desktop or enterprise applications","Bachelor’s degree (B.A., B.S., B.Eng., etc.)",C++;Python,C++;Python,8
14731,28.0,Canada,PostgreSQL;Redis;SQLite,PostgreSQL;Redis;SQLite,"Developer, back-end;Developer, embedded applications or devices;Developer, front-end;Developer, full-stack",Some college/university study without earning a degree,Go;Rust,Bash/Shell/PowerShell;C;Go;HTML/CSS;Java;JavaScript;Kotlin;Python;SQL;TypeScript,14
14936,32.0,United States,Elasticsearch;Firebase;MongoDB,Microsoft SQL Server;SQLite,"Developer, desktop or enterprise applications;Developer, full-stack;Developer, game or graphics;DevOps specialist","Master’s degree (M.A., M.S., M.Eng., MBA, etc.)",Bash/Shell/PowerShell;C#;C++;HTML/CSS;Python;TypeScript,Bash/Shell/PowerShell;C#;Go;HTML/CSS;JavaScript;Python;TypeScript,16
14987,50.0,Germany,DynamoDB;Elasticsearch;Firebase;PostgreSQL;SQLite,DynamoDB;Elasticsearch;Firebase;MariaDB;MongoDB;MySQL;PostgreSQL;SQLite,"Database administrator;Developer, back-end;Developer, desktop or enterprise applications;Developer, front-end;Developer, full-stack;Developer, mobile","Bachelor’s degree (B.A., B.S., B.Eng., etc.)",C++;Dart;JavaScript;Python;Ruby;SQL;Swift;TypeScript,Assembly;C;C#;C++;Dart;HTML/CSS;Java;JavaScript;Kotlin;Python;Ruby;SQL;Swift;TypeScript,35
15083,41.0,Canada,MySQL,MySQL,"Designer;Developer, front-end;Developer, full-stack;DevOps specialist","Associate degree (A.A., A.S., etc.)",Bash/Shell/PowerShell;Go;HTML/CSS;JavaScript;Python,Bash/Shell/PowerShell;HTML/CSS;JavaScript;Python;SQL,24
15117,39.0,United Kingdom,,,Academic researcher;Data scientist or machine learning specialist;Engineering manager,"Other doctoral degree (Ph.D., Ed.D., etc.)",Bash/Shell/PowerShell;C;C++;Python,Bash/Shell/PowerShell;C;Python,32
15210,29.0,Canada,,Microsoft SQL Server;Oracle;PostgreSQL;SQLite,"Developer, full-stack","Bachelor’s degree (B.A., B.S., B.Eng., etc.)",,Bash/Shell/PowerShell;C#;HTML/CSS;Java;JavaScript;Kotlin;Python;SQL,5
15331,43.0,United Kingdom,,SQLite,"Developer, full-stack;Educator;Marketing or sales professional;Product manager;System administrator","Master’s degree (M.A., M.S., M.Eng., MBA, etc.)",Dart;Scala;Swift,Bash/Shell/PowerShell;C;C#;C++;HTML/CSS;Java;JavaScript;Python;R;Ruby,25
15495,44.0,United Kingdom,Microsoft SQL Server;Oracle,Microsoft SQL Server;Oracle;SQLite,"Data or business analyst;Data scientist or machine learning specialist;Database administrator;Developer, full-stack;Product manager;System administrator","Bachelor’s degree (B.A., B.S., B.Eng., etc.)",C#;HTML/CSS;JavaScript;Python;R;SQL,C#;HTML/CSS;JavaScript;Python;R;SQL,30
15525,31.0,United States,Cassandra;DynamoDB;MongoDB;Redis,Elasticsearch;MongoDB;PostgreSQL;Redis;SQLite,"Developer, back-end;Developer, desktop or enterprise applications;Developer, front-end;Developer, full-stack;DevOps specialist;Engineer, site reliability;System administrator","Master’s degree (M.A., M.S., M.Eng., MBA, etc.)",C;Go;JavaScript;Python;TypeScript,Bash/Shell/PowerShell;HTML/CSS;Java;JavaScript;Python;TypeScript,16
15619,29.0,United States,Elasticsearch;Firebase;MongoDB,Firebase;MySQL,"Developer, back-end;Developer, front-end;Developer, full-stack","Bachelor’s degree (B.A., B.S., B.Eng., etc.)",Bash/Shell/PowerShell;Go;HTML/CSS;JavaScript;Ruby,Bash/Shell/PowerShell;HTML/CSS;JavaScript;PHP;Python,11
15694,34.0,United States,Firebase;Microsoft SQL Server,Firebase;Microsoft SQL Server;MySQL,"Database administrator;Developer, back-end;Developer, front-end;Developer, full-stack;Developer, mobile;DevOps specialist;Product manager","Associate degree (A.A., A.S., etc.)",Bash/Shell/PowerShell;Go;HTML/CSS;JavaScript;Python;Rust;SQL;TypeScript,Bash/Shell/PowerShell;HTML/CSS;JavaScript;Python;SQL;TypeScript,21
15767,29.0,Germany,Cassandra,Elasticsearch;Redis,"Developer, back-end;DevOps specialist;Engineer, data","Bachelor’s degree (B.A., B.S., B.Eng., etc.)",Go;Java;Python;Rust,Java;Python,10
15843,43.0,United States,MySQL;Oracle;PostgreSQL,MySQL;Oracle,,"Master’s degree (M.A., M.S., M.Eng., MBA, etc.)",Bash/Shell/PowerShell;HTML/CSS;JavaScript;Python;Ruby;SQL,Bash/Shell/PowerShell;HTML/CSS;JavaScript;Python;SQL,2
15889,30.0,Germany,,Couchbase,Academic researcher;Scientist,"Master’s degree (M.A., M.S., M.Eng., MBA, etc.)",,Go;HTML/CSS;JavaScript;Python,15
16634,28.0,United States,Microsoft SQL Server,Microsoft SQL Server,"Data or business analyst;Database administrator;Developer, back-end;Developer, front-end;Developer, full-stack;Engineer, data","Bachelor’s degree (B.A., B.S., B.Eng., etc.)",C#;HTML/CSS;JavaScript;Python;R;SQL,C#;HTML/CSS;JavaScript;Python;R;SQL;VBA,10
16829,39.0,United States,,Microsoft SQL Server,Data or business analyst;Data scientist or machine learning specialist;Product manager,"Bachelor’s degree (B.A., B.S., B.Eng., etc.)",Julia;SQL,Julia;Python;R;SQL;VBA,10
17048,35.0,United States,DynamoDB;SQLite,MySQL;SQLite,"Developer, back-end;Developer, front-end;Developer, full-stack;DevOps specialist",Some college/university study without earning a degree,HTML/CSS;JavaScript;PHP;Python,Bash/Shell/PowerShell;HTML/CSS;JavaScript;PHP;Python,27
17350,23.0,United States,Microsoft SQL Server;MySQL;Oracle;SQLite,Microsoft SQL Server;MySQL;Oracle,"Data or business analyst;Developer, desktop or enterprise applications","Bachelor’s degree (B.A., B.S., B.Eng., etc.)",Bash/Shell/PowerShell;C++;Go;Java;Scala,HTML/CSS;Python;R;SQL;VBA,3
17559,36.0,Germany,MySQL;PostgreSQL;SQLite,MySQL;PostgreSQL;SQLite,System administrator,Some college/university study without earning a degree,Bash/Shell/PowerShell;Python,Bash/Shell/PowerShell;Java;Python,12
17689,35.0,United States,,Microsoft SQL Server,"Data or business analyst;Data scientist or machine learning specialist;Database administrator;Designer;Developer, back-end;Developer, desktop or enterprise applications;Developer, embedded applications or devices;Developer, QA or test;Engineer, data;Scientist","Bachelor’s degree (B.A., B.S., B.Eng., etc.)",Assembly;Bash/Shell/PowerShell;Python;Ruby;Rust,Assembly;Bash/Shell/PowerShell;C;C++;HTML/CSS;Java;JavaScript;Perl;Python;Ruby;SQL;VBA,22
17721,26.0,United States,Cassandra;DynamoDB;Elasticsearch;MongoDB;PostgreSQL,Firebase;Microsoft SQL Server;MySQL;Oracle;Redis,"Data or business analyst;Developer, full-stack","Bachelor’s degree (B.A., B.S., B.Eng., etc.)",C++;Ruby;TypeScript,Assembly;Bash/Shell/PowerShell;C#;HTML/CSS;Java;JavaScript;Python;SQL,7
17764,55.0,United Kingdom,PostgreSQL;Redis,Microsoft SQL Server;PostgreSQL;Redis,"Developer, back-end;Developer, desktop or enterprise applications;Developer, front-end;Developer, full-stack;Developer, QA or test","Bachelor’s degree (B.A., B.S., B.Eng., etc.)",Julia;Rust,C#;Go;HTML/CSS;Java;JavaScript;Python;Rust;SQL;TypeScript,42
18031,26.0,United States,Elasticsearch,MySQL,DevOps specialist,Some college/university study without earning a degree,Go,Python,7
18078,31.0,United States,,Elasticsearch;Microsoft SQL Server;MongoDB;MySQL;PostgreSQL;Redis,"Developer, back-end;Developer, front-end;Developer, full-stack;DevOps specialist","Bachelor’s degree (B.A., B.S., B.Eng., etc.)",,C#;HTML/CSS;JavaScript;Python;SQL,13
18726,23.0,United States,DynamoDB;Firebase;MySQL;PostgreSQL,DynamoDB;Elasticsearch;Firebase;MySQL;PostgreSQL;Redis;SQLite,"Developer, back-end;Developer, embedded applications or devices;Developer, full-stack",Some college/university study without earning a degree,Go;HTML/CSS;Java;JavaScript;Kotlin;Python;Ruby;Rust;Scala;TypeScript,HTML/CSS;Java;JavaScript;Kotlin;Python;Ruby;SQL;TypeScript,6
18843,23.0,United States,DynamoDB;Microsoft SQL Server;MongoDB,Couchbase;DynamoDB;Microsoft SQL Server;MongoDB,"Developer, back-end;Developer, desktop or enterprise applications;Developer, full-stack","Bachelor’s degree (B.A., B.S., B.Eng., etc.)",C#;Go;HTML/CSS;JavaScript;Python;Ruby;Rust;TypeScript,C#;HTML/CSS;JavaScript;Python;SQL,7
19072,28.0,United States,PostgreSQL,DynamoDB;PostgreSQL,"Database administrator;Designer;Developer, desktop or enterprise applications;Developer, full-stack","Bachelor’s degree (B.A., B.S., B.Eng., etc.)",C++;Kotlin;SQL,C#;C++;Java;Kotlin;Python;SQL,5
19145,24.0,Canada,DynamoDB;PostgreSQL,DynamoDB;MongoDB;PostgreSQL,"Developer, back-end;DevOps specialist;System administrator","Bachelor’s degree (B.A., B.S., B.Eng., etc.)",C;Go;Ruby;Rust;SQL,C;C++;HTML/CSS;Julia;Python;SQL,6
19147,31.0,United States,Elasticsearch;PostgreSQL;Redis,DynamoDB;Elasticsearch;MongoDB;MySQL;Redis,"Developer, back-end;Developer, desktop or enterprise applications;Developer, front-end;Developer, full-stack;System administrator","Bachelor’s degree (B.A., B.S., B.Eng., etc.)",Go;JavaScript;Kotlin;Python;Rust,Bash/Shell/PowerShell;Go;HTML/CSS;JavaScript;Python,13
19233,35.0,United States,,MySQL,"Designer;Developer, back-end;Developer, desktop or enterprise applications;Developer, front-end;Developer, full-stack;Product manager","Bachelor’s degree (B.A., B.S., B.Eng., etc.)",C#;HTML/CSS;JavaScript;PHP;Python;SQL;TypeScript,C#;HTML/CSS;JavaScript;PHP;Python;SQL,18
19235,,United States,,,Academic researcher;Data scientist or machine learning specialist;Scientist,"Other doctoral degree (Ph.D., Ed.D., etc.)",Julia;Scala,Bash/Shell/PowerShell;C;Java;JavaScript;Julia;Python;R,23
19707,50.0,United Kingdom,,MySQL,"Developer, embedded applications or devices;Developer, QA or test","Bachelor’s degree (B.A., B.S., B.Eng., etc.)",Assembly;Bash/Shell/PowerShell;C;Python;Rust,Assembly;Bash/Shell/PowerShell;C;Python,35
19730,37.0,United States,Cassandra;Couchbase;MongoDB;MySQL;PostgreSQL;Redis;SQLite,MongoDB;MySQL;PostgreSQL;Redis,"Developer, full-stack","Professional degree (JD, MD, etc.)",Bash/Shell/PowerShell;HTML/CSS;JavaScript;Python;Ruby;Scala;TypeScript,Bash/Shell/PowerShell;HTML/CSS;JavaScript;Python;TypeScript,2
19938,22.0,United States,Firebase,Firebase,"Developer, game or graphics","Bachelor’s degree (B.A., B.S., B.Eng., etc.)",C++;JavaScript;Rust;TypeScript,Assembly;C;C++;JavaScript;Python,8
20644,26.0,United States,Elasticsearch;PostgreSQL,Elasticsearch;MongoDB;PostgreSQL,"Data scientist or machine learning specialist;Developer, back-end;Developer, full-stack;Engineer, data","Bachelor’s degree (B.A., B.S., B.Eng., etc.)",Bash/Shell/PowerShell;Go;HTML/CSS;JavaScript;Python;Rust;SQL,Bash/Shell/PowerShell;HTML/CSS;JavaScript;Python;Ruby;SQL,10
20679,34.0,United States,,,"Data scientist or machine learning specialist;Developer, desktop or enterprise applications;Developer, mobile;Engineer, data;Scientist","Master’s degree (M.A., M.S., M.Eng., MBA, etc.)",Python,Python,15
20841,37.0,United States,PostgreSQL;SQLite,PostgreSQL;SQLite,"Developer, back-end","Bachelor’s degree (B.A., B.S., B.Eng., etc.)",C++;Python,C++;Python,21
20885,23.0,United States,Cassandra;Elasticsearch;MySQL;PostgreSQL;Redis,Elasticsearch;MySQL;PostgreSQL;Redis,"Database administrator;Developer, back-end;Developer, desktop or enterprise applications;DevOps specialist;Engineer, data;Engineer, site reliability","Bachelor’s degree (B.A., B.S., B.Eng., etc.)",Bash/Shell/PowerShell;Go;JavaScript;Python;Rust;SQL;TypeScript,Bash/Shell/PowerShell;Go;JavaScript;Python;SQL,6
21196,40.0,United States,,,"Developer, front-end","Bachelor’s degree (B.A., B.S., B.Eng., etc.)",Bash/Shell/PowerShell;HTML/CSS;JavaScript;TypeScript,Bash/Shell/PowerShell;HTML/CSS;JavaScript;Python,5
21356,30.0,United Kingdom,,Microsoft SQL Server;MySQL,"Data or business analyst;Database administrator;Developer, full-stack;DevOps specialist;System administrator","Master’s degree (M.A., M.S., M.Eng., MBA, etc.)",,Bash/Shell/PowerShell;C#;C++;JavaScript;Python;SQL,14
22463,38.0,United Kingdom,MongoDB;PostgreSQL;Redis,Microsoft SQL Server;PostgreSQL;Redis,"Developer, back-end;Developer, full-stack;DevOps specialist","Bachelor’s degree (B.A., B.S., B.Eng., etc.)",C#;Go;JavaScript;Python;Rust;SQL,C#;JavaScript;Python;SQL,20
22488,30.0,Germany,MySQL;Oracle,MySQL;Oracle,"Developer, back-end;Developer, embedded applications or devices;Developer, full-stack","Secondary school (e.g. American high school, German Realschule or Gymnasium, etc.)",Assembly;Bash/Shell/PowerShell;C;C++;HTML/CSS;JavaScript;PHP;Python,Assembly;Bash/Shell/PowerShell;C;C++;HTML/CSS;JavaScript;PHP;Python,15
22630,52.0,United Kingdom,MariaDB;Microsoft SQL Server;MySQL;Oracle,MariaDB;Microsoft SQL Server;MySQL;Oracle,"Designer;Developer, back-end;Developer, front-end;Developer, full-stack","Bachelor’s degree (B.A., B.S., B.Eng., etc.)",Bash/Shell/PowerShell;Java;JavaScript;Perl;PHP;Python;SQL,Bash/Shell/PowerShell;Java;JavaScript;Perl;PHP;Python;SQL,39
22868,40.0,United Kingdom,MongoDB;MySQL;SQLite,,"Developer, back-end;Developer, desktop or enterprise applications;Developer, front-end;Developer, full-stack;Engineer, site reliability","Master’s degree (M.A., M.S., M.Eng., MBA, etc.)",Assembly;C;C#;C++;HTML/CSS;Java;JavaScript;Python,C#;C++;HTML/CSS;Java;Perl;Python,35
23292,40.0,United Kingdom,PostgreSQL,PostgreSQL,Data scientist or machine learning specialist,Some college/university study without earning a degree,Python;R;Scala;SQL,Python;R;SQL,5
23972,38.0,United Kingdom,Redis;SQLite,Redis;SQLite,"Designer;Developer, full-stack;Engineering manager","Other doctoral degree (Ph.D., Ed.D., etc.)",C++;JavaScript;Python,C++;JavaScript;Python;Scala;TypeScript,20
24063,34.0,United Kingdom,,Elasticsearch,DevOps specialist,"Bachelor’s degree (B.A., B.S., B.Eng., etc.)",Bash/Shell/PowerShell;Go;Python,Bash/Shell/PowerShell;Go;Python,8
24267,48.0,United Kingdom,,,"Developer, back-end;Engineering manager","Bachelor’s degree (B.A., B.S., B.Eng., etc.)",C,Bash/Shell/PowerShell;C;Python,33
24385,32.0,United States,,Elasticsearch;Microsoft SQL Server;MySQL;PostgreSQL;Redis;SQLite,"Data or business analyst;Data scientist or machine learning specialist;Database administrator;Designer;Developer, back-end;Developer, desktop or enterprise applications;Developer, embedded applications or devices;Developer, front-end;Developer, full-stack;DevOps specialist;Engineer, data;Engineer, site reliability","Bachelor’s degree (B.A., B.S., B.Eng., etc.)",Go;Rust,Bash/Shell/PowerShell;HTML/CSS;JavaScript;Python;Ruby;SQL,15
24495,25.0,United Kingdom,Elasticsearch;Firebase;MariaDB;MongoDB;PostgreSQL;Redis;SQLite,Elasticsearch;Firebase;MySQL;Redis;SQLite,"Developer, back-end;DevOps specialist;System administrator","Bachelor’s degree (B.A., B.S., B.Eng., etc.)",Bash/Shell/PowerShell;C#;Go;HTML/CSS;Java;JavaScript;PHP;Python;SQL;Swift;TypeScript,Bash/Shell/PowerShell;C;C#;C++;Dart;Go;HTML/CSS;Java;JavaScript;PHP;Python;SQL;Swift;TypeScript,11
24583,,United States,Elasticsearch;MariaDB;MongoDB,MongoDB;MySQL,DevOps specialist,"Bachelor’s degree (B.A., B.S., B.Eng., etc.)",Bash/Shell/PowerShell;Go;Python;Rust,Bash/Shell/PowerShell;HTML/CSS;PHP;Python;SQL,10
24832,28.0,United States,,Cassandra;MySQL,"Designer;Developer, back-end","Bachelor’s degree (B.A., B.S., B.Eng., etc.)",Bash/Shell/PowerShell;Java;Kotlin;Python;Rust;TypeScript,Bash/Shell/PowerShell;C;C++;Java;JavaScript;Kotlin;Perl;Python;SQL;TypeScript,9
24845,28.0,United States,Firebase;PostgreSQL;Redis,Microsoft SQL Server;PostgreSQL;Redis,"Developer, back-end;Developer, full-stack","Bachelor’s degree (B.A., B.S., B.Eng., etc.)",C#;HTML/CSS;JavaScript;Python;SQL;TypeScript,C#;HTML/CSS;JavaScript;Python;SQL;TypeScript,10
24848,33.0,United States,,,"Data or business analyst;Developer, back-end;Developer, desktop or enterprise applications;Developer, front-end;Developer, full-stack","Master’s degree (M.A., M.S., M.Eng., MBA, etc.)",C,Bash/Shell/PowerShell;HTML/CSS;Python;VBA,10
24922,31.0,Germany,,MariaDB;MongoDB;MySQL;PostgreSQL;SQLite,"Developer, desktop or enterprise applications;Developer, embedded applications or devices;Developer, full-stack;Engineering manager;Scientist","Other doctoral degree (Ph.D., Ed.D., etc.)",C++;Python;Ruby,Bash/Shell/PowerShell;C;C++;Python,15
25009,26.0,United States,,MySQL;Redis,"Developer, back-end;DevOps specialist","Master’s degree (M.A., M.S., M.Eng., MBA, etc.)",C++;Go;Kotlin;Scala,C;Go;HTML/CSS;Java;PHP;Python,8
25066,23.0,United States,MySQL,MySQL,"Developer, back-end;Developer, embedded applications or devices;Developer, front-end;Developer, full-stack;Developer, game or graphics","Bachelor’s degree (B.A., B.S., B.Eng., etc.)",C#;HTML/CSS;JavaScript;Python;SQL,Bash/Shell/PowerShell;C#;HTML/CSS;Python;SQL;VBA,8
25138,25.0,United States,Elasticsearch;MySQL;PostgreSQL;Redis,MySQL;PostgreSQL;SQLite,"Data or business analyst;Data scientist or machine learning specialist;Database administrator;Developer, back-end;Developer, front-end;Developer, full-stack;Developer, mobile;DevOps specialist;Engineer, data;System administrator","Bachelor’s degree (B.A., B.S., B.Eng., etc.)",Dart;Go;Kotlin;Rust,Bash/Shell/PowerShell;HTML/CSS;JavaScript;PHP;Python;SQL;TypeScript,9
25178,32.0,United States,MongoDB;MySQL;SQLite,MongoDB;MySQL;PostgreSQL;SQLite,"Academic researcher;Data scientist or machine learning specialist;Designer;Engineer, data;Engineering manager;Scientist","Master’s degree (M.A., M.S., M.Eng., MBA, etc.)",C;C#;C++;Java;JavaScript;Python;SQL,Bash/Shell/PowerShell;C;C#;C++;HTML/CSS;JavaScript;PHP;Python;SQL,18
25181,30.0,United States,PostgreSQL;Redis;SQLite,Elasticsearch;MongoDB;PostgreSQL;Redis;SQLite,"Data or business analyst;Data scientist or machine learning specialist;Database administrator;Designer;Developer, back-end;Developer, front-end;Developer, full-stack;Engineer, data;Engineering manager;Marketing or sales professional;Product manager;Senior executive/VP;System administrator",Some college/university study without earning a degree,HTML/CSS;JavaScript;Python;SQL,Bash/Shell/PowerShell;HTML/CSS;Java;JavaScript;Python;R;Ruby;SQL;VBA,15
25687,23.0,United States,Microsoft SQL Server;MongoDB;MySQL;PostgreSQL,Microsoft SQL Server;MongoDB;MySQL,"Developer, desktop or enterprise applications;Developer, embedded applications or devices","Bachelor’s degree (B.A., B.S., B.Eng., etc.)",C#;C++;Python;Rust;SQL,C#;C++;Python;SQL,10
25786,31.0,Canada,MySQL;Redis;SQLite,MySQL;SQLite,"Developer, back-end;Developer, front-end;Developer, full-stack;Developer, game or graphics;Developer, mobile","Bachelor’s degree (B.A., B.S., B.Eng., etc.)",Assembly;C;C++;Go;Python,C;C++;Java;JavaScript;Objective-C;PHP;Python;SQL,15
26262,27.0,United States,MongoDB;MySQL;PostgreSQL;Redis;SQLite,,"Developer, embedded applications or devices","Bachelor’s degree (B.A., B.S., B.Eng., etc.)",Go;JavaScript;Python;SQL;TypeScript,Python,10
26330,36.0,United States,,MariaDB;Microsoft SQL Server;MySQL;SQLite,"Developer, back-end;Developer, desktop or enterprise applications;Developer, front-end","Bachelor’s degree (B.A., B.S., B.Eng., etc.)",JavaScript;TypeScript,HTML/CSS;JavaScript;Perl;PHP;Python;SQL,8
26420,32.0,United States,,Cassandra;Couchbase;DynamoDB;Elasticsearch;MariaDB;MongoDB;MySQL;PostgreSQL;SQLite,"Data scientist or machine learning specialist;Database administrator;Designer;Developer, back-end;Developer, desktop or enterprise applications;Developer, embedded applications or devices;Developer, front-end;Developer, full-stack;Developer, game or graphics;Developer, mobile;Developer, QA or test;DevOps specialist;Engineer, site reliability;Engineering manager;System administrator",Primary/elementary school,,Bash/Shell/PowerShell;C;C++;Go;HTML/CSS;Java;JavaScript;Objective-C;Perl;PHP;Python;Ruby;Rust;SQL;Swift;TypeScript,21
27314,36.0,United States,Cassandra;Elasticsearch;Redis,IBM DB2;Microsoft SQL Server;MongoDB;PostgreSQL,"Developer, back-end;Developer, embedded applications or devices;Developer, full-stack",Some college/university study without earning a degree,Java;Objective-C;R,Bash/Shell/PowerShell;C;C#;C++;HTML/CSS;JavaScript;PHP;Python;Rust;SQL;TypeScript,26
27462,31.0,United States,Cassandra;Elasticsearch;PostgreSQL;Redis,Elasticsearch;PostgreSQL;SQLite,"Developer, back-end;Developer, full-stack;Engineer, data;Engineer, site reliability","Bachelor’s degree (B.A., B.S., B.Eng., etc.)",C;Java;Rust;Scala;SQL,Go;HTML/CSS;Java;Kotlin;Python;Ruby;Scala;SQL,17
27634,36.0,United States,,,"Academic researcher;Data scientist or machine learning specialist;Developer, full-stack;Scientist","Master’s degree (M.A., M.S., M.Eng., MBA, etc.)",Bash/Shell/PowerShell;C;Python,Bash/Shell/PowerShell;C;Python,26
27908,29.0,United Kingdom,Microsoft SQL Server;MongoDB;MySQL;SQLite,Microsoft SQL Server;MySQL;Oracle;SQLite,"Data scientist or machine learning specialist;Engineer, data;Scientist","Bachelor’s degree (B.A., B.S., B.Eng., etc.)",C;Python;R;Scala;SQL,Python;R;SQL,3
27921,48.0,United States,Microsoft SQL Server;MongoDB;SQLite,Firebase;Microsoft SQL Server;MySQL;SQLite,"Developer, back-end;Developer, desktop or enterprise applications;Developer, embedded applications or devices;Developer, front-end;Developer, full-stack;Educator","Bachelor’s degree (B.A., B.S., B.Eng., etc.)",C;C#;HTML/CSS;JavaScript;Python;R;SQL;TypeScript,C;C#;HTML/CSS;JavaScript;Python;SQL,29
28307,40.0,United States,Cassandra;DynamoDB;MySQL;PostgreSQL;Redis,DynamoDB;Firebase;Microsoft SQL Server;MySQL;PostgreSQL;SQLite,Engineering manager,Some college/university study without earning a degree,Bash/Shell/PowerShell;C#;Go;Python;SQL;Swift,Bash/Shell/PowerShell;C#;HTML/CSS;JavaScript;PHP;Python;SQL,23
28387,43.0,United Kingdom,Elasticsearch;MariaDB;Redis,Elasticsearch;MariaDB;MySQL;PostgreSQL;Redis;SQLite,"Database administrator;Developer, back-end;Developer, full-stack;DevOps specialist;Engineer, site reliability;System administrator","Bachelor’s degree (B.A., B.S., B.Eng., etc.)",Rust,Bash/Shell/PowerShell;HTML/CSS;Java;JavaScript;PHP;Python;SQL;TypeScript,26
28418,21.0,United States,Couchbase;Firebase;MariaDB;MongoDB;PostgreSQL;SQLite,Firebase;MariaDB;Microsoft SQL Server;MongoDB;PostgreSQL,"Database administrator;Designer;Developer, back-end;Developer, desktop or enterprise applications;Developer, front-end;Developer, full-stack;Developer, game or graphics;Developer, mobile;Developer, QA or test;Educator;Marketing or sales professional;Product manager;System administrator",Some college/university study without earning a degree,Dart;Go;Haskell;HTML/CSS;JavaScript;Kotlin;Python;SQL;Swift;TypeScript,Assembly;Bash/Shell/PowerShell;HTML/CSS;Java;JavaScript;Kotlin;Python;SQL;TypeScript,7
28534,28.0,India,Cassandra;Couchbase;DynamoDB;Elasticsearch;Firebase;IBM DB2;MariaDB;Microsoft SQL Server;MongoDB;MySQL;Oracle;PostgreSQL;Redis;SQLite,Cassandra;Couchbase;DynamoDB;Elasticsearch;Firebase;MongoDB;MySQL;Oracle;PostgreSQL;Redis;SQLite,"Data or business analyst;Data scientist or machine learning specialist;Developer, back-end;Developer, desktop or enterprise applications;Developer, embedded applications or devices;Developer, full-stack;Developer, mobile;Developer, QA or test;DevOps specialist;Engineer, data;Engineer, site reliability;Engineering manager;Product manager;Scientist;Senior executive/VP","Bachelor’s degree (B.A., B.S., B.Eng., etc.)",Bash/Shell/PowerShell;C++;Go;Java;JavaScript;Kotlin;Python;R;SQL;Swift,Bash/Shell/PowerShell;C;C++;Go;HTML/CSS;Java;JavaScript;Kotlin;Python;R;Scala;SQL;Swift,15
29043,26.0,United Kingdom,DynamoDB;PostgreSQL;Redis,Microsoft SQL Server;Oracle;PostgreSQL;SQLite,"Database administrator;Developer, back-end;Developer, full-stack","Master’s degree (M.A., M.S., M.Eng., MBA, etc.)",C#;C++;HTML/CSS;JavaScript;Python,C#;C++;Python,10
29260,51.0,United States,Elasticsearch;IBM DB2;Microsoft SQL Server;MongoDB;MySQL;Redis,IBM DB2;Microsoft SQL Server;MongoDB;MySQL;SQLite,"Designer;Developer, back-end;Developer, desktop or enterprise applications;Developer, front-end;Developer, full-stack;Developer, game or graphics;Developer, mobile","Bachelor’s degree (B.A., B.S., B.Eng., etc.)",Bash/Shell/PowerShell;C++;HTML/CSS;Java;JavaScript;SQL;TypeScript,Bash/Shell/PowerShell;C;C#;C++;HTML/CSS;Java;JavaScript;Python;SQL;TypeScript,28
29332,28.0,United Kingdom,DynamoDB;PostgreSQL;Redis,PostgreSQL,"Data scientist or machine learning specialist;Developer, back-end;Developer, full-stack","Bachelor’s degree (B.A., B.S., B.Eng., etc.)",Go;HTML/CSS;JavaScript;Kotlin;Python;TypeScript,Go;HTML/CSS;JavaScript;Python;SQL,5
29359,46.0,United States,,PostgreSQL;SQLite,"Data scientist or machine learning specialist;Developer, embedded applications or devices;Engineering manager","Bachelor’s degree (B.A., B.S., B.Eng., etc.)",Bash/Shell/PowerShell,Assembly;Bash/Shell/PowerShell;C;C++;Python;SQL,37
29636,28.0,United Kingdom,PostgreSQL,PostgreSQL,"Developer, back-end","Bachelor’s degree (B.A., B.S., B.Eng., etc.)",Go;JavaScript;Kotlin;Python;SQL;TypeScript,C#;JavaScript;Python;SQL;TypeScript,5
29842,27.0,United States,MongoDB;PostgreSQL;Redis,MongoDB;MySQL;PostgreSQL;Redis,"Developer, back-end","Bachelor’s degree (B.A., B.S., B.Eng., etc.)",Bash/Shell/PowerShell;Go;HTML/CSS;Python,Bash/Shell/PowerShell;Go;HTML/CSS;JavaScript;PHP;Python;SQL;TypeScript,11
29875,28.0,Germany,PostgreSQL,MariaDB;PostgreSQL,"Database administrator;Designer;Developer, back-end;Developer, front-end;Developer, full-stack;Product manager;Senior executive/VP","Bachelor’s degree (B.A., B.S., B.Eng., etc.)",Bash/Shell/PowerShell;HTML/CSS;JavaScript;PHP;SQL;TypeScript,Assembly;Bash/Shell/PowerShell;HTML/CSS;JavaScript;PHP;Python;SQL;TypeScript,14
29936,27.0,United States,,,"Data or business analyst;Data scientist or machine learning specialist;Designer;Developer, back-end;Developer, desktop or enterprise applications;Developer, embedded applications or devices;Developer, mobile;Engineer, data;Scientist",Some college/university study without earning a degree,Assembly;Bash/Shell/PowerShell;C#;Dart;JavaScript;Python;Rust;SQL;TypeScript;VBA,Bash/Shell/PowerShell;HTML/CSS;JavaScript;Python,5
30441,30.0,United States,Elasticsearch;PostgreSQL,Elasticsearch;MongoDB;MySQL;PostgreSQL;Redis,"Designer;Developer, front-end;Developer, full-stack","Bachelor’s degree (B.A., B.S., B.Eng., etc.)",HTML/CSS;JavaScript;Python;TypeScript,HTML/CSS;JavaScript;PHP;Python;Ruby;SQL;TypeScript,16
31486,28.0,United Kingdom,MySQL;SQLite,MySQL;PostgreSQL;SQLite,"Developer, mobile","Bachelor’s degree (B.A., B.S., B.Eng., etc.)",Java;Kotlin;SQL;Swift,Java;Kotlin;Objective-C;Python;SQL;Swift,15
32406,,United States,MariaDB;Microsoft SQL Server;SQLite,MariaDB;Microsoft SQL Server;MongoDB;SQLite,"Database administrator;Developer, back-end;Developer, front-end;Developer, full-stack;Developer, mobile;Developer, QA or test","Bachelor’s degree (B.A., B.S., B.Eng., etc.)",C#;C++;HTML/CSS;JavaScript;Kotlin;Ruby;SQL,C#;HTML/CSS;JavaScript;Python;Ruby;SQL,7
32596,,United States,Microsoft SQL Server;SQLite,Microsoft SQL Server;MySQL;SQLite,"Academic researcher;Database administrator;Designer;Developer, back-end;Developer, desktop or enterprise applications;Engineering manager;Scientist","Other doctoral degree (Ph.D., Ed.D., etc.)",Bash/Shell/PowerShell;C#;Python;SQL,Bash/Shell/PowerShell;C#;Python;R;SQL,35
32599,25.0,United States,DynamoDB;PostgreSQL;Redis;SQLite,DynamoDB;MariaDB;Redis;SQLite,"Developer, back-end;DevOps specialist;Engineer, site reliability;System administrator",Some college/university study without earning a degree,Bash/Shell/PowerShell;Python;SQL,Bash/Shell/PowerShell;Python;SQL,10
32714,37.0,United Kingdom,MariaDB;MySQL;PostgreSQL,MariaDB;MongoDB;MySQL;Oracle;PostgreSQL,"Designer;Developer, desktop or enterprise applications;Developer, full-stack","Master’s degree (M.A., M.S., M.Eng., MBA, etc.)",C#;C++;Java;Python;SQL,C#;C++;HTML/CSS;Java;JavaScript;Python;SQL,25
33006,23.0,United States,MySQL;PostgreSQL,MySQL,"Developer, back-end;Developer, front-end;Developer, full-stack;Developer, mobile","Bachelor’s degree (B.A., B.S., B.Eng., etc.)",C#;Dart;Python;SQL;Swift,C#;Objective-C;PHP;Python;SQL;Swift,9
33055,26.0,United States,DynamoDB;Elasticsearch;MongoDB;PostgreSQL,MongoDB;PostgreSQL,"Developer, back-end;Developer, full-stack","Bachelor’s degree (B.A., B.S., B.Eng., etc.)",Bash/Shell/PowerShell;JavaScript;Python;SQL;TypeScript,Bash/Shell/PowerShell;HTML/CSS;Java;JavaScript;Python;SQL;TypeScript,12
33278,44.0,United States,MongoDB,,Data scientist or machine learning specialist,"Other doctoral degree (Ph.D., Ed.D., etc.)",Julia;R,Bash/Shell/PowerShell;Python;Scala,40
33380,32.0,United States,SQLite,,Scientist,"Master’s degree (M.A., M.S., M.Eng., MBA, etc.)",Haskell;Julia;Python;R;Swift,C#;Python;R,27
33459,21.0,United States,,IBM DB2;MySQL,Data or business analyst,Some college/university study without earning a degree,Assembly;Bash/Shell/PowerShell;C++,C#;HTML/CSS;Java;JavaScript;Python,3
33787,28.0,United States,Microsoft SQL Server;MongoDB;MySQL;PostgreSQL;Redis;SQLite,Cassandra;Microsoft SQL Server;MongoDB;MySQL;PostgreSQL;Redis;SQLite,"Data or business analyst;Data scientist or machine learning specialist;Database administrator;Developer, back-end;Educator;Engineer, data;Scientist","Bachelor’s degree (B.A., B.S., B.Eng., etc.)",C;Python;Rust;SQL,C;Python;SQL,10
33832,22.0,United States,MongoDB,Microsoft SQL Server;Oracle;SQLite,"Developer, full-stack","Bachelor’s degree (B.A., B.S., B.Eng., etc.)",C#;Rust,C++;HTML/CSS;JavaScript;Kotlin;PHP;Python;SQL,4
33846,29.0,United States,Microsoft SQL Server;PostgreSQL;Redis,Microsoft SQL Server;MySQL;PostgreSQL;Redis,"Developer, back-end;Engineer, data","Bachelor’s degree (B.A., B.S., B.Eng., etc.)",Go;PHP;Python;SQL,PHP;Python;SQL,18
33865,35.0,United States,MongoDB;Redis,MongoDB;PostgreSQL;Redis,"Developer, back-end;Developer, front-end;Developer, full-stack","Bachelor’s degree (B.A., B.S., B.Eng., etc.)",Go;Python;TypeScript,Bash/Shell/PowerShell;Go;Java;JavaScript;Python;TypeScript,20
33886,24.0,United States,MariaDB,MariaDB;SQLite,"Developer, full-stack","Bachelor’s degree (B.A., B.S., B.Eng., etc.)",Bash/Shell/PowerShell;JavaScript;Python;Ruby;Rust;Scala;SQL;TypeScript,Bash/Shell/PowerShell;C++;HTML/CSS;JavaScript;Python;Ruby;Rust;SQL,5
34132,40.0,United Kingdom,,MySQL,,"Other doctoral degree (Ph.D., Ed.D., etc.)",C++;Julia;Python;Rust,Bash/Shell/PowerShell;C;C#;C++;Julia;Python,30
34516,40.0,United States,Firebase;MariaDB;Redis;SQLite,MariaDB;Microsoft SQL Server;MySQL;Redis;SQLite,"Academic researcher;Database administrator;Developer, back-end;Developer, embedded applications or devices;Developer, front-end;Developer, full-stack","Bachelor’s degree (B.A., B.S., B.Eng., etc.)",Bash/Shell/PowerShell;Go;HTML/CSS;JavaScript;PHP;Python;SQL;TypeScript,Bash/Shell/PowerShell;HTML/CSS;JavaScript;PHP;Python;SQL,27
34703,24.0,United States,,,"Developer, embedded applications or devices","Bachelor’s degree (B.A., B.S., B.Eng., etc.)",Assembly;C;C#;Python;Rust,Assembly;Bash/Shell/PowerShell;C;C#;Python,12
34732,40.0,United States,PostgreSQL,Elasticsearch;PostgreSQL;Redis,"Developer, back-end;Developer, full-stack","Professional degree (JD, MD, etc.)",C#;Go;Python;Rust;SQL;TypeScript,Bash/Shell/PowerShell;C;C#;Go;HTML/CSS;Java;JavaScript;Perl;PHP;Python;Ruby;Rust;SQL;TypeScript,32
35054,30.0,Germany,,,,"Master’s degree (M.A., M.S., M.Eng., MBA, etc.)",C++;Python,C;C++;Perl;Python;SQL,17
35213,40.0,Germany,SQLite,MySQL;SQLite,"Developer, back-end;Developer, QA or test","Bachelor’s degree (B.A., B.S., B.Eng., etc.)",Haskell;Python;Rust,Python,25
35242,42.0,United States,PostgreSQL;SQLite,MariaDB;PostgreSQL;Redis;SQLite,"Developer, embedded applications or devices;Developer, full-stack;System administrator","Master’s degree (M.A., M.S., M.Eng., MBA, etc.)",Perl;Python,Java;Perl;Python,23
35247,34.0,United States,,,Data or business analyst,Some college/university study without earning a degree,Bash/Shell/PowerShell;Haskell;Perl;Python;R;SQL,Bash/Shell/PowerShell;Python;R;SQL,10
35319,39.0,United Kingdom,,,"Academic researcher;Developer, back-end;Developer, desktop or enterprise applications;Developer, front-end;Scientist","Other doctoral degree (Ph.D., Ed.D., etc.)",C;C++;Go;Python;Rust,C;C++;Python,25
35387,,United States,,Microsoft SQL Server;MySQL;Oracle;PostgreSQL;Redis;SQLite,"Database administrator;Developer, back-end;Engineer, data","Bachelor’s degree (B.A., B.S., B.Eng., etc.)",Go;Julia;Python;R,Bash/Shell/PowerShell;Go;Python;R;SQL,3
35995,26.0,United States,DynamoDB;Microsoft SQL Server,Microsoft SQL Server;Oracle,"Developer, back-end;Developer, desktop or enterprise applications;Developer, front-end;Developer, full-stack","Bachelor’s degree (B.A., B.S., B.Eng., etc.)",Bash/Shell/PowerShell;Haskell;HTML/CSS;JavaScript;SQL;TypeScript,Bash/Shell/PowerShell;C#;HTML/CSS;JavaScript;Python;SQL;TypeScript,6
36141,19.0,Canada,MongoDB,MySQL;SQLite,"Developer, full-stack","Secondary school (e.g. American high school, German Realschule or Gymnasium, etc.)",Bash/Shell/PowerShell;C;C++;HTML/CSS;Java;JavaScript;PHP;SQL,C;C#;HTML/CSS;Java;JavaScript;Python;SQL,2
36453,,United States,Elasticsearch,Elasticsearch;MySQL;PostgreSQL,"Designer;Developer, back-end;Developer, front-end;Developer, full-stack","Bachelor’s degree (B.A., B.S., B.Eng., etc.)",Kotlin;Python;TypeScript,Bash/Shell/PowerShell;HTML/CSS;Java;JavaScript;Kotlin;Python;SQL;TypeScript,10
37655,,India,Firebase,Firebase;Microsoft SQL Server,"Developer, front-end;Developer, full-stack;Developer, mobile","Bachelor’s degree (B.A., B.S., B.Eng., etc.)",Dart;Objective-C;Python,C#;Dart;Java;Objective-C;Python;SQL;Swift,13
40307,,United States,Elasticsearch;MariaDB;MongoDB;PostgreSQL;Redis;SQLite,DynamoDB;MariaDB;MongoDB;MySQL;PostgreSQL;Redis;SQLite,"Data or business analyst;Data scientist or machine learning specialist;Database administrator;Developer, back-end;Developer, front-end;Developer, full-stack;Engineer, data","Bachelor’s degree (B.A., B.S., B.Eng., etc.)",Bash/Shell/PowerShell;Go;HTML/CSS;JavaScript;Python;SQL,Bash/Shell/PowerShell;Go;HTML/CSS;Java;JavaScript;Python;Scala;SQL,13
40458,26.0,United States,Elasticsearch;Microsoft SQL Server;PostgreSQL;Redis;SQLite,Elasticsearch;Microsoft SQL Server;MongoDB;MySQL;PostgreSQL;Redis;SQLite,"Developer, back-end;Engineer, data","Bachelor’s degree (B.A., B.S., B.Eng., etc.)",Bash/Shell/PowerShell;Python;Ruby;SQL,Bash/Shell/PowerShell;C;C#;C++;HTML/CSS;Java;JavaScript;PHP;Python;Ruby;SQL;VBA,8
40478,30.0,Canada,Cassandra;SQLite,DynamoDB;Elasticsearch;MongoDB;MySQL,"Database administrator;Developer, back-end;Developer, front-end;Developer, full-stack;Developer, mobile;DevOps specialist;Engineering manager;Senior executive/VP","Master’s degree (M.A., M.S., M.Eng., MBA, etc.)",Go;Scala,Bash/Shell/PowerShell;HTML/CSS;JavaScript;Python;SQL,19
40842,,United States,,,"Developer, back-end;Developer, full-stack",Some college/university study without earning a degree,C++;Python;Rust,C++;Python,24
40965,,United Kingdom,,SQLite,"Academic researcher;Data or business analyst;Database administrator;Designer;Developer, desktop or enterprise applications;Developer, embedded applications or devices;Developer, full-stack;Engineering manager;Product manager","Master’s degree (M.A., M.S., M.Eng., MBA, etc.)",C++;Haskell;Julia;Rust;TypeScript,Bash/Shell/PowerShell;HTML/CSS;Java;JavaScript;Python;SQL,10
41933,34.0,United Kingdom,Cassandra;DynamoDB;Elasticsearch;MariaDB;MongoDB;MySQL;PostgreSQL;Redis;SQLite,PostgreSQL;Redis,"Developer, back-end;Engineer, data","Master’s degree (M.A., M.S., M.Eng., MBA, etc.)",Bash/Shell/PowerShell;Dart;Go;Python;Rust,Bash/Shell/PowerShell;Go;JavaScript;Python,24
42643,,United States,Microsoft SQL Server,Microsoft SQL Server;SQLite,"Developer, full-stack;Senior executive/VP","Bachelor’s degree (B.A., B.S., B.Eng., etc.)",Bash/Shell/PowerShell;C;C#;C++;HTML/CSS;JavaScript;Python;Rust;SQL,Assembly;Bash/Shell/PowerShell;C;C#;C++;HTML/CSS;Java;JavaScript;Python;SQL,32
43431,63.0,United Kingdom,Cassandra;Elasticsearch;Microsoft SQL Server;MongoDB;MySQL;SQLite,Microsoft SQL Server;MongoDB;MySQL;SQLite,"Data or business analyst;Data scientist or machine learning specialist;Engineer, data","Master’s degree (M.A., M.S., M.Eng., MBA, etc.)",Python;R;VBA,Python;R;VBA,44
43509,28.0,United States,Elasticsearch;Firebase;MariaDB;MySQL;PostgreSQL;Redis;SQLite,,"DevOps specialist;Engineer, site reliability;System administrator","Master’s degree (M.A., M.S., M.Eng., MBA, etc.)",Bash/Shell/PowerShell;Go;JavaScript;Python;Rust;SQL;TypeScript,Bash/Shell/PowerShell;Python,9
44211,49.0,United States,IBM DB2;Microsoft SQL Server,IBM DB2;Microsoft SQL Server,"Data or business analyst;Developer, back-end;Engineer, data","Master’s degree (M.A., M.S., M.Eng., MBA, etc.)",Bash/Shell/PowerShell;Haskell;HTML/CSS;Kotlin;Python;R;Scala;SQL;VBA,Bash/Shell/PowerShell;C#;HTML/CSS;Julia;Python;SQL;VBA,36
44313,40.0,United States,,,Scientist,"Other doctoral degree (Ph.D., Ed.D., etc.)",Python;SQL,HTML/CSS;Python,15
45233,29.0,United States,DynamoDB;PostgreSQL,DynamoDB;Oracle;PostgreSQL;Redis,"Developer, back-end;DevOps specialist;Engineer, site reliability","Bachelor’s degree (B.A., B.S., B.Eng., etc.)",C++;Go;Rust;SQL;Swift,Bash/Shell/PowerShell;Go;Haskell;HTML/CSS;Java;JavaScript;Kotlin;Python;Ruby;Rust;SQL;Swift,19
45342,29.0,United States,DynamoDB;MySQL,DynamoDB;Elasticsearch;Microsoft SQL Server;MongoDB;MySQL;Oracle;PostgreSQL;Redis;SQLite,"Developer, back-end","Master’s degree (M.A., M.S., M.Eng., MBA, etc.)",Bash/Shell/PowerShell;Go;Python;SQL,Assembly;Bash/Shell/PowerShell;C++;Java;JavaScript;PHP;Python;R;Ruby;SQL;TypeScript;VBA,10
45352,,United States,,Microsoft SQL Server;MongoDB;MySQL,"Developer, full-stack",Some college/university study without earning a degree,,Bash/Shell/PowerShell;C#;JavaScript;Python,5
45965,25.0,United States,MongoDB;MySQL;PostgreSQL,MongoDB;MySQL;PostgreSQL,"Developer, back-end;Developer, full-stack","Master’s degree (M.A., M.S., M.Eng., MBA, etc.)",Go;HTML/CSS;Java;JavaScript;Kotlin;Python;SQL;Swift,Bash/Shell/PowerShell;HTML/CSS;Java;JavaScript;Kotlin;Python;SQL,4
46562,41.0,United States,Microsoft SQL Server;Redis,Microsoft SQL Server;Redis,"Developer, back-end","Associate degree (A.A., A.S., etc.)",Bash/Shell/PowerShell;C#;HTML/CSS;JavaScript;Python;SQL;TypeScript,Bash/Shell/PowerShell;C;C#;C++;HTML/CSS;Java;JavaScript;Python;SQL;TypeScript,Less than 1 year
46863,28.0,United States,,Microsoft SQL Server;MySQL;SQLite,"Developer, desktop or enterprise applications;System administrator","Bachelor’s degree (B.A., B.S., B.Eng., etc.)",C;C++;Python,Bash/Shell/PowerShell;C++;Python,9
47212,45.0,United Kingdom,DynamoDB,DynamoDB,"Developer, back-end;Engineer, data","Bachelor’s degree (B.A., B.S., B.Eng., etc.)",Bash/Shell/PowerShell;Python;SQL,Bash/Shell/PowerShell;Python;SQL,30
47454,35.0,Germany,Elasticsearch,Cassandra;Elasticsearch;MySQL;Oracle;PostgreSQL;SQLite,"Developer, back-end;Developer, full-stack;Developer, mobile","Master’s degree (M.A., M.S., M.Eng., MBA, etc.)",Java;Kotlin;Python;Swift,Bash/Shell/PowerShell;C;HTML/CSS;Java;JavaScript;Kotlin;Perl;PHP;Python;Ruby,15
47592,,United States,Microsoft SQL Server,Microsoft SQL Server,"Developer, front-end;Developer, full-stack;Engineering manager","Master’s degree (M.A., M.S., M.Eng., MBA, etc.)",HTML/CSS;Java;JavaScript;SQL;TypeScript,Bash/Shell/PowerShell;HTML/CSS;Java;JavaScript;Python;SQL;TypeScript,20
47609,,Canada,,Elasticsearch;MongoDB;MySQL;Redis,"Developer, back-end","Bachelor’s degree (B.A., B.S., B.Eng., etc.)",,C;C++;Java;JavaScript;Python;Ruby;TypeScript,6
47681,32.0,United States,Microsoft SQL Server;MySQL;SQLite,Microsoft SQL Server;MySQL;SQLite,"Developer, desktop or enterprise applications;Developer, full-stack;Developer, game or graphics;Developer, mobile","Master’s degree (M.A., M.S., M.Eng., MBA, etc.)",C#;Java;Python;SQL,C#;HTML/CSS;Java;JavaScript;Python;SQL,7
47791,25.0,United States,Cassandra;Microsoft SQL Server;MongoDB,Microsoft SQL Server;MySQL,"Developer, desktop or enterprise applications","Bachelor’s degree (B.A., B.S., B.Eng., etc.)",C#;Kotlin;TypeScript,C#;HTML/CSS;JavaScript;Python;SQL;VBA,6
47834,23.0,United States,,Firebase,"Developer, front-end","Bachelor’s degree (B.A., B.S., B.Eng., etc.)",TypeScript,Bash/Shell/PowerShell;C++;HTML/CSS;Java;JavaScript;Python;Ruby;TypeScript,5
48219,,United States,Elasticsearch;MongoDB;MySQL;PostgreSQL,Elasticsearch;MySQL,Engineering manager,"Bachelor’s degree (B.A., B.S., B.Eng., etc.)",Bash/Shell/PowerShell;C#;Java;Python;SQL,Java;Python;SQL,4
48546,47.0,United States,DynamoDB;MariaDB;Microsoft SQL Server;MySQL;Redis;SQLite,DynamoDB;MariaDB;Microsoft SQL Server;MySQL;Redis;SQLite,"Data scientist or machine learning specialist;Developer, back-end;Developer, embedded applications or devices;Developer, full-stack;Engineer, data;Engineering manager;Senior executive/VP","Master’s degree (M.A., M.S., M.Eng., MBA, etc.)",Bash/Shell/PowerShell;HTML/CSS;Python;SQL,Bash/Shell/PowerShell;HTML/CSS;Python;SQL,24
49200,34.0,United Kingdom,Redis;SQLite,MySQL;Redis;SQLite,"Developer, back-end;Developer, game or graphics;Engineer, data;Engineering manager","Bachelor’s degree (B.A., B.S., B.Eng., etc.)",C;Go;Python,C;Java;Python;SQL,17
49442,,United States,PostgreSQL;Redis,Elasticsearch;MySQL;PostgreSQL;Redis,"Data or business analyst;Data scientist or machine learning specialist;Developer, back-end;Developer, full-stack;Engineering manager;Product manager;Senior executive/VP","Master’s degree (M.A., M.S., M.Eng., MBA, etc.)",C;C++;JavaScript;Kotlin;Python,Assembly;Bash/Shell/PowerShell;C;C++;Go;Haskell;HTML/CSS;Java;JavaScript;Perl;Python;R;Ruby;Scala;SQL,30
49602,28.0,United Kingdom,MariaDB;MongoDB;MySQL,MySQL;PostgreSQL,"Developer, full-stack","Master’s degree (M.A., M.S., M.Eng., MBA, etc.)",HTML/CSS;JavaScript;SQL,Bash/Shell/PowerShell;HTML/CSS;Java;JavaScript;PHP;Python;SQL,6
49604,27.0,United States,,,Academic researcher;Scientist,"Other doctoral degree (Ph.D., Ed.D., etc.)",Julia;Python,Bash/Shell/PowerShell;Python;R,10
49636,30.0,United States,,MySQL,"Developer, embedded applications or devices","Bachelor’s degree (B.A., B.S., B.Eng., etc.)",C;JavaScript;Python,Bash/Shell/PowerShell;C;JavaScript;Python;SQL;Swift,8
49702,26.0,United States,Microsoft SQL Server;MySQL,Microsoft SQL Server;MongoDB;MySQL,"Data or business analyst;Data scientist or machine learning specialist;Engineer, data","Master’s degree (M.A., M.S., M.Eng., MBA, etc.)",Python;R;SQL,Bash/Shell/PowerShell;C;Java;Perl;Python;R;SQL,15
49816,40.0,United States,MariaDB;Microsoft SQL Server;MySQL;PostgreSQL;Redis,MariaDB;Microsoft SQL Server;MongoDB;MySQL;PostgreSQL;Redis,"Designer;Developer, full-stack;DevOps specialist;Engineer, site reliability;System administrator","Associate degree (A.A., A.S., etc.)",Bash/Shell/PowerShell;Go;HTML/CSS;JavaScript;Python;Rust;SQL,Bash/Shell/PowerShell;C++;Go;HTML/CSS;JavaScript;PHP;Python;Ruby;SQL;Swift;TypeScript,4
49839,23.0,United States,Firebase;MongoDB;MySQL;Oracle;Redis;SQLite,Oracle,"Developer, back-end;Developer, desktop or enterprise applications;Developer, front-end;Developer, full-stack;Developer, mobile","Bachelor’s degree (B.A., B.S., B.Eng., etc.)",C;HTML/CSS;Java;Python;Rust;SQL;TypeScript,HTML/CSS;Java;JavaScript;Python;SQL;TypeScript,6
49849,24.0,Canada,,MySQL,"Developer, full-stack;Developer, mobile;Developer, QA or test",Some college/university study without earning a degree,C#;HTML/CSS;Java;JavaScript;Kotlin;Python,Bash/Shell/PowerShell;C#;HTML/CSS;Java;JavaScript;Kotlin;Python;SQL,4
50175,30.0,United States,Microsoft SQL Server,Microsoft SQL Server;Oracle,"Developer, desktop or enterprise applications;Developer, front-end;Developer, full-stack;System administrator","Bachelor’s degree (B.A., B.S., B.Eng., etc.)",C#;Go;Haskell;HTML/CSS;JavaScript;Kotlin;Python;Rust;SQL;TypeScript,Bash/Shell/PowerShell;C;C#;C++;HTML/CSS;Java;JavaScript;Python;SQL;VBA,12
50191,27.0,United States,,MySQL;SQLite,"Engineer, data;Engineer, site reliability;Product manager","Master’s degree (M.A., M.S., M.Eng., MBA, etc.)",Bash/Shell/PowerShell;Julia;Python;SQL,Assembly;Bash/Shell/PowerShell;Julia;Python;SQL,2
50493,31.0,Germany,DynamoDB;PostgreSQL;Redis;SQLite,DynamoDB;Elasticsearch;MySQL;PostgreSQL;Redis;SQLite,"Developer, back-end;Developer, front-end;Developer, full-stack;DevOps specialist","Bachelor’s degree (B.A., B.S., B.Eng., etc.)",Bash/Shell/PowerShell;JavaScript;Ruby;SQL;TypeScript,Bash/Shell/PowerShell;Go;HTML/CSS;JavaScript;Kotlin;Python;Ruby;SQL;TypeScript,17
50869,34.0,United Kingdom,DynamoDB,DynamoDB,"Developer, back-end;Developer, full-stack;Developer, game or graphics","Bachelor’s degree (B.A., B.S., B.Eng., etc.)",Go;JavaScript,C++;JavaScript;Python,16
50882,,United States,Elasticsearch;MongoDB;MySQL;PostgreSQL,Elasticsearch;MongoDB;MySQL;PostgreSQL,Data scientist or machine learning specialist;Educator,"Master’s degree (M.A., M.S., M.Eng., MBA, etc.)",Python;SQL,Python;R;SQL,7
51126,25.0,United States,Microsoft SQL Server;MySQL;Redis,Elasticsearch;Microsoft SQL Server;MongoDB;MySQL;Oracle;Redis;SQLite,"Academic researcher;Data scientist or machine learning specialist;Developer, full-stack","Master’s degree (M.A., M.S., M.Eng., MBA, etc.)",Julia;Python;Scala,Bash/Shell/PowerShell;Java;JavaScript;Python;Scala,8
51392,29.0,United States,,,"Developer, back-end;Engineer, site reliability","Bachelor’s degree (B.A., B.S., B.Eng., etc.)",Python,Bash/Shell/PowerShell;HTML/CSS;PHP;Python,7
51750,30.0,United States,MongoDB;PostgreSQL;Redis;SQLite,SQLite,"Developer, desktop or enterprise applications;Developer, embedded applications or devices;Developer, QA or test;DevOps specialist","Bachelor’s degree (B.A., B.S., B.Eng., etc.)",C++;Go;Python;Rust;Scala;SQL,Bash/Shell/PowerShell;C;C++;Python;SQL,7
51994,58.0,United States,Firebase,Firebase,"Database administrator;Designer;Developer, back-end;Developer, front-end;Developer, full-stack;Developer, QA or test;DevOps specialist","Bachelor’s degree (B.A., B.S., B.Eng., etc.)",HTML/CSS;JavaScript;Python,HTML/CSS;JavaScript;Python,43
52006,28.0,United States,DynamoDB;Elasticsearch;MongoDB;Oracle;PostgreSQL;Redis;SQLite,Elasticsearch;MongoDB;Oracle,"Data scientist or machine learning specialist;Developer, back-end;Engineer, data","Bachelor’s degree (B.A., B.S., B.Eng., etc.)",Bash/Shell/PowerShell;Java;Python;R;Scala;SQL,Bash/Shell/PowerShell;Java;JavaScript;Python;Scala;SQL,11
52020,26.0,United States,DynamoDB;MariaDB;MongoDB;PostgreSQL,MongoDB;PostgreSQL;Redis;SQLite,"Engineer, data;Product manager",Some college/university study without earning a degree,Go;Java;JavaScript;Kotlin;Python;Rust;TypeScript,C;C#;C++;HTML/CSS;Java;JavaScript;Kotlin;Python;Ruby,9
52043,27.0,United States,DynamoDB;Microsoft SQL Server;MongoDB;PostgreSQL,DynamoDB;MongoDB;MySQL;PostgreSQL;Redis;SQLite,"Designer;Developer, full-stack;Developer, mobile;Educator",Some college/university study without earning a degree,C#;Go;HTML/CSS;JavaScript;Kotlin;Python;Rust;TypeScript,Bash/Shell/PowerShell;C;C++;HTML/CSS;Java;JavaScript;Kotlin;Python;Ruby;TypeScript,11
52220,34.0,Germany,,,"Developer, back-end;Developer, embedded applications or devices","Master’s degree (M.A., M.S., M.Eng., MBA, etc.)",C++;Rust,C;C++;Java;Python,20
52377,38.0,United States,PostgreSQL;Redis;SQLite,Microsoft SQL Server;MongoDB;MySQL,"Developer, back-end;Developer, desktop or enterprise applications","Master’s degree (M.A., M.S., M.Eng., MBA, etc.)",PHP;Rust,Bash/Shell/PowerShell;C;C++;HTML/CSS;Java;JavaScript;Python,7
52400,30.0,Canada,PostgreSQL;SQLite,IBM DB2;PostgreSQL;SQLite,"Developer, back-end;Developer, embedded applications or devices;Developer, front-end;DevOps specialist","Bachelor’s degree (B.A., B.S., B.Eng., etc.)",C++;Go;JavaScript;Python;Rust;SQL,C++;Go;HTML/CSS;Java;JavaScript;Python;SQL,9
52414,26.0,United States,Cassandra;PostgreSQL;Redis;SQLite,DynamoDB;Elasticsearch;MySQL;PostgreSQL;Redis;SQLite,"Developer, back-end;Engineer, site reliability","Bachelor’s degree (B.A., B.S., B.Eng., etc.)",Bash/Shell/PowerShell;Go;Python;Rust,Bash/Shell/PowerShell;Go;Java;Python;Rust;Scala,8
52437,24.0,United States,,,"Developer, back-end;Developer, desktop or enterprise applications","Bachelor’s degree (B.A., B.S., B.Eng., etc.)",Assembly;Bash/Shell/PowerShell;C++;Haskell;Rust,Bash/Shell/PowerShell;C;C++;Python;Rust,6
52468,,United States,MySQL,MySQL,"Developer, back-end;Developer, full-stack","Secondary school (e.g. American high school, German Realschule or Gymnasium, etc.)",Python;Rust;TypeScript,Bash/Shell/PowerShell;C;Java;JavaScript;Python;Rust;SQL;TypeScript,25
53204,31.0,Canada,PostgreSQL,PostgreSQL,"Developer, back-end;Developer, full-stack","Bachelor’s degree (B.A., B.S., B.Eng., etc.)",Python;Rust;TypeScript,Python;Rust;TypeScript,15
53238,28.0,United States,IBM DB2;Microsoft SQL Server;MongoDB;Oracle;PostgreSQL;SQLite,DynamoDB;MariaDB;Microsoft SQL Server;MongoDB;PostgreSQL;SQLite,"Academic researcher;Data or business analyst;Developer, back-end;Developer, front-end;Developer, full-stack;Developer, mobile;Engineer, data;Scientist",Some college/university study without earning a degree,Go;Java;JavaScript;Kotlin;Python;Ruby;Rust;TypeScript,Bash/Shell/PowerShell;C;C#;C++;HTML/CSS;Java;JavaScript;Kotlin;Python;Ruby;Rust;TypeScript,16
53443,20.0,United States,MariaDB;Microsoft SQL Server;MongoDB;MySQL;Oracle;PostgreSQL;SQLite,Firebase;Microsoft SQL Server;MongoDB;MySQL;Oracle;PostgreSQL;SQLite,"Developer, back-end;Developer, front-end;Developer, full-stack;Developer, mobile","Secondary school (e.g. American high school, German Realschule or Gymnasium, etc.)",Bash/Shell/PowerShell;HTML/CSS;JavaScript;Python,C#;HTML/CSS;Java;JavaScript;Kotlin;Python,1
53523,,United States,,MySQL;Oracle;PostgreSQL;SQLite,"Developer, embedded applications or devices","Bachelor’s degree (B.A., B.S., B.Eng., etc.)",Assembly;C++,Bash/Shell/PowerShell;C;HTML/CSS;Java;JavaScript;Kotlin;Python;SQL,5
53571,35.0,United States,Microsoft SQL Server;MySQL,Microsoft SQL Server,"Database administrator;Designer;Developer, back-end;Developer, front-end;Developer, full-stack;Engineer, data;Product manager;System administrator","Bachelor’s degree (B.A., B.S., B.Eng., etc.)",C#;C++;HTML/CSS;JavaScript;Python;SQL,C#;HTML/CSS;JavaScript;Python,21
53595,38.0,United States,Cassandra;Couchbase;Firebase;MariaDB;Microsoft SQL Server;MongoDB;MySQL;PostgreSQL;Redis,Cassandra;Couchbase;DynamoDB;Elasticsearch;Firebase;MariaDB;Microsoft SQL Server;MongoDB;MySQL;PostgreSQL;Redis;SQLite,"Developer, back-end;Developer, desktop or enterprise applications;Developer, front-end;Developer, full-stack;Developer, mobile;DevOps specialist;Educator;Product manager;Senior executive/VP","Master’s degree (M.A., M.S., M.Eng., MBA, etc.)",Bash/Shell/PowerShell;C#;C++;Go;Haskell;HTML/CSS;JavaScript;Kotlin;Python;SQL;TypeScript,Bash/Shell/PowerShell;C#;C++;Go;HTML/CSS;Java;JavaScript;Objective-C;Perl;PHP;Python;Ruby;SQL;TypeScript,28
53597,23.0,United States,,PostgreSQL,"Developer, back-end;Developer, desktop or enterprise applications;Developer, game or graphics","Bachelor’s degree (B.A., B.S., B.Eng., etc.)",,Assembly;Bash/Shell/PowerShell;C;C#;C++;Go;Python;Rust,8
53620,33.0,United States,Elasticsearch;PostgreSQL;Redis,DynamoDB;Elasticsearch;Microsoft SQL Server;MongoDB;PostgreSQL;Redis,"Developer, full-stack","Associate degree (A.A., A.S., etc.)",Dart;Go;Kotlin;TypeScript,HTML/CSS;JavaScript;PHP;Python;R,6
53629,60.0,United States,,Microsoft SQL Server,"Developer, embedded applications or devices","Secondary school (e.g. American high school, German Realschule or Gymnasium, etc.)",Bash/Shell/PowerShell;C;C#;C++;Go;JavaScript;Python;Rust;TypeScript,Bash/Shell/PowerShell;C;C#;C++;JavaScript;Python,39
53716,35.0,United States,MongoDB;PostgreSQL,MongoDB;PostgreSQL,"Developer, QA or test;System administrator","Bachelor’s degree (B.A., B.S., B.Eng., etc.)",Assembly;C#;C++;JavaScript;Objective-C;Python;Swift,Bash/Shell/PowerShell;JavaScript;Python;Swift,17
53743,27.0,Canada,Cassandra;Elasticsearch;MongoDB,MongoDB,"Developer, full-stack;DevOps specialist","Bachelor’s degree (B.A., B.S., B.Eng., etc.)",Go;HTML/CSS;JavaScript;TypeScript,Bash/Shell/PowerShell;C#;C++;Go;HTML/CSS;Java;JavaScript;Python;TypeScript,10
53768,39.0,United States,PostgreSQL,MySQL;PostgreSQL;SQLite,"Developer, full-stack","Bachelor’s degree (B.A., B.S., B.Eng., etc.)",PHP;Python,Bash/Shell/PowerShell;PHP;Python;SQL;TypeScript,10
53854,49.0,United States,DynamoDB;Elasticsearch;Firebase;MariaDB;MongoDB;MySQL;PostgreSQL;SQLite,MariaDB;Microsoft SQL Server;MongoDB;MySQL;Oracle;PostgreSQL;SQLite,"Database administrator;Developer, back-end;Developer, front-end;Developer, full-stack","Bachelor’s degree (B.A., B.S., B.Eng., etc.)",C#;Go;Java;PHP;Python;R;SQL,Bash/Shell/PowerShell;C#;HTML/CSS;Java;JavaScript;PHP;Python;R;SQL,25
53919,27.0,United States,,,"Developer, full-stack","Bachelor’s degree (B.A., B.S., B.Eng., etc.)",Go;HTML/CSS;JavaScript,Go;HTML/CSS;Java;JavaScript;Python,10
54263,29.0,Canada,Redis,Firebase;PostgreSQL;SQLite,"Developer, mobile","Bachelor’s degree (B.A., B.S., B.Eng., etc.)",Go;Haskell;Rust,Dart;Java;JavaScript;Kotlin;Python;TypeScript,14
54426,,United States,PostgreSQL;SQLite,SQLite,"Academic researcher;Developer, back-end;Developer, embedded applications or devices;Developer, game or graphics","Bachelor’s degree (B.A., B.S., B.Eng., etc.)",Haskell;Julia;Rust,Assembly;Bash/Shell/PowerShell;C;C#;C++;Java;Python;Rust;SQL,11
54542,26.0,United States,DynamoDB;IBM DB2;MariaDB;Microsoft SQL Server;MongoDB;PostgreSQL;SQLite,DynamoDB;Microsoft SQL Server;MongoDB;MySQL;PostgreSQL;SQLite,"Designer;Developer, back-end;Developer, desktop or enterprise applications;Developer, front-end;Developer, full-stack;Developer, mobile;Educator",Some college/university study without earning a degree,C#;Go;HTML/CSS;Java;JavaScript;Kotlin;Python;Ruby;Rust;TypeScript,Bash/Shell/PowerShell;HTML/CSS;Java;JavaScript;Kotlin;Python;Ruby;SQL;TypeScript,13
56202,32.0,United Kingdom,Cassandra;PostgreSQL;Redis,MongoDB;MySQL;Oracle,"Developer, desktop or enterprise applications;Developer, full-stack","Bachelor’s degree (B.A., B.S., B.Eng., etc.)",,C#;HTML/CSS;Java;JavaScript;Python;TypeScript,10
57202,25.0,United States,MongoDB,Oracle,"Developer, full-stack","Bachelor’s degree (B.A., B.S., B.Eng., etc.)",Bash/Shell/PowerShell;HTML/CSS;JavaScript;Python;TypeScript,Bash/Shell/PowerShell;HTML/CSS;JavaScript;Python;TypeScript,7
57307,38.0,United Kingdom,,,"Developer, back-end;Developer, full-stack","Master’s degree (M.A., M.S., M.Eng., MBA, etc.)",Java;JavaScript;Kotlin;R;SQL,Java;Kotlin;Python;Scala;SQL,30
57311,37.0,United States,Cassandra;DynamoDB;Elasticsearch;MongoDB;MySQL;PostgreSQL;Redis,Cassandra;DynamoDB;Elasticsearch;Microsoft SQL Server;MongoDB;MySQL;Oracle;PostgreSQL;Redis;SQLite,"Database administrator;Developer, back-end;Developer, full-stack;DevOps specialist;Engineering manager;System administrator","Associate degree (A.A., A.S., etc.)",Bash/Shell/PowerShell;HTML/CSS;JavaScript;PHP;Python;SQL,Bash/Shell/PowerShell;HTML/CSS;JavaScript;PHP;Python;SQL,24
57606,23.0,United States,DynamoDB;Redis,DynamoDB;PostgreSQL,"Developer, back-end;DevOps specialist","Bachelor’s degree (B.A., B.S., B.Eng., etc.)",JavaScript;Python;Rust,Java;Python;Scala;SQL,6
57713,35.0,United States,Elasticsearch;PostgreSQL,Elasticsearch;Microsoft SQL Server;Oracle;SQLite,"Data or business analyst;Developer, back-end;Developer, desktop or enterprise applications;System administrator","Bachelor’s degree (B.A., B.S., B.Eng., etc.)",Assembly;Bash/Shell/PowerShell;C;C++;Python;Rust;SQL,Assembly;Bash/Shell/PowerShell;C;C#;C++;HTML/CSS;Java;JavaScript;Python;R;Rust;SQL,4
57778,37.0,Germany,,Microsoft SQL Server;PostgreSQL,"Developer, desktop or enterprise applications;Developer, front-end;Developer, full-stack","Master’s degree (M.A., M.S., M.Eng., MBA, etc.)",C#;Python;TypeScript,C#;JavaScript;Python;TypeScript,8
57974,40.0,United Kingdom,,DynamoDB;PostgreSQL,Engineering manager,"Bachelor’s degree (B.A., B.S., B.Eng., etc.)",Go;HTML/CSS;JavaScript;Python;Rust,Go;HTML/CSS;JavaScript;Python;Ruby;SQL,24
58040,48.0,United States,Cassandra;Elasticsearch;MariaDB;PostgreSQL;Redis,DynamoDB;Microsoft SQL Server;MySQL;Oracle,"Developer, back-end;Developer, desktop or enterprise applications;Developer, full-stack","Master’s degree (M.A., M.S., M.Eng., MBA, etc.)",Go;R;Scala,Bash/Shell/PowerShell;C;C#;HTML/CSS;Java;JavaScript;Perl;PHP;Python;Ruby;SQL;TypeScript;VBA,37
58080,24.0,United States,Microsoft SQL Server,Microsoft SQL Server;SQLite,"Data or business analyst;Data scientist or machine learning specialist;Database administrator;Developer, back-end;Engineer, data","Bachelor’s degree (B.A., B.S., B.Eng., etc.)",Bash/Shell/PowerShell;C#;HTML/CSS;JavaScript;Python;R;SQL;VBA,Bash/Shell/PowerShell;C#;Go;HTML/CSS;JavaScript;Python;R;SQL;VBA,3
58111,28.0,Canada,,,"Developer, back-end;System administrator",Some college/university study without earning a degree,,Bash/Shell/PowerShell;C++;Python,14
58603,39.0,United Kingdom,,,"Developer, back-end;Developer, full-stack","Bachelor’s degree (B.A., B.S., B.Eng., etc.)",Java,Bash/Shell/PowerShell;HTML/CSS;Java;JavaScript;Python;SQL,23
58856,33.0,Germany,PostgreSQL,MySQL,"Developer, back-end;Engineer, data","Other doctoral degree (Ph.D., Ed.D., etc.)",Bash/Shell/PowerShell;Python;Scala,Bash/Shell/PowerShell;C#;Go;Python;Scala;SQL,20
59314,32.0,India,DynamoDB;Elasticsearch;MongoDB,Elasticsearch;MySQL;PostgreSQL;Redis;SQLite,"Data scientist or machine learning specialist;Developer, back-end","Bachelor’s degree (B.A., B.S., B.Eng., etc.)",Go,Python;SQL,14
59321,43.0,United States,DynamoDB;Elasticsearch;Firebase;MariaDB;MongoDB;Redis;SQLite,Elasticsearch;Firebase;MariaDB;Redis;SQLite,"Developer, back-end;Developer, front-end;Developer, full-stack","Bachelor’s degree (B.A., B.S., B.Eng., etc.)",Dart;JavaScript;Python,Dart;HTML/CSS;JavaScript;PHP;Python,25
59480,24.0,United States,Firebase;MongoDB;SQLite,DynamoDB;MongoDB,"Developer, mobile","Bachelor’s degree (B.A., B.S., B.Eng., etc.)",Objective-C;Python;Swift,JavaScript;Kotlin;Objective-C;Python;Swift;TypeScript,3
59778,43.0,Germany,Elasticsearch;MariaDB;PostgreSQL,MySQL;Oracle,"Developer, desktop or enterprise applications;Developer, full-stack;DevOps specialist;Engineering manager","Master’s degree (M.A., M.S., M.Eng., MBA, etc.)",Go;Haskell;Swift;TypeScript,Bash/Shell/PowerShell;HTML/CSS;Java;JavaScript;Perl;Python,30
59974,24.0,United States,,MySQL;Oracle;PostgreSQL,Data or business analyst;Data scientist or machine learning specialist,"Bachelor’s degree (B.A., B.S., B.Eng., etc.)",,Python;R;SQL,1
60024,30.0,United States,,DynamoDB;MySQL;PostgreSQL,"Developer, back-end;Developer, full-stack","Master’s degree (M.A., M.S., M.Eng., MBA, etc.)",,C#;Go;HTML/CSS;Java;JavaScript;Kotlin;Python;SQL,15
60188,24.0,United States,Elasticsearch;PostgreSQL;Redis,MongoDB;PostgreSQL;Redis,"Database administrator;Designer;Developer, back-end;Developer, desktop or enterprise applications;Developer, front-end;Developer, full-stack;Developer, QA or test;DevOps specialist;System administrator",Some college/university study without earning a degree,HTML/CSS;JavaScript;Python;R;TypeScript,HTML/CSS;JavaScript;Python;R;SQL,7
60213,31.0,United States,MySQL;SQLite,MySQL;SQLite,"Developer, back-end;Developer, full-stack;Educator;Engineer, site reliability","Bachelor’s degree (B.A., B.S., B.Eng., etc.)",C;Go;Python;Rust;SQL,Bash/Shell/PowerShell;C;C++;Go;Haskell;PHP;Python;Rust;SQL,21
60300,29.0,United States,Elasticsearch;MySQL,Elasticsearch;MongoDB;MySQL,"Developer, desktop or enterprise applications;Developer, full-stack;Developer, game or graphics;Developer, QA or test;DevOps specialist","Bachelor’s degree (B.A., B.S., B.Eng., etc.)",HTML/CSS;Java,C#;HTML/CSS;Java;JavaScript;Python;Ruby,16
60455,33.0,Canada,Firebase;MySQL;PostgreSQL,MySQL;PostgreSQL;SQLite,"Data or business analyst;Data scientist or machine learning specialist;Database administrator;Designer;Developer, back-end;Developer, front-end;Developer, full-stack;Developer, QA or test;DevOps specialist;System administrator","Bachelor’s degree (B.A., B.S., B.Eng., etc.)",Bash/Shell/PowerShell;Go;HTML/CSS;Java;JavaScript;PHP;Python;SQL;TypeScript,Bash/Shell/PowerShell;HTML/CSS;JavaScript;PHP;Python;SQL,16
60517,27.0,United States,Firebase;MariaDB;PostgreSQL,Elasticsearch;Firebase;MariaDB;PostgreSQL,"Developer, back-end;Developer, front-end;Developer, full-stack;Developer, mobile;Developer, QA or test","Bachelor’s degree (B.A., B.S., B.Eng., etc.)",HTML/CSS;Java;JavaScript;Python;SQL;TypeScript,HTML/CSS;Java;JavaScript;Python;SQL;TypeScript,7
60552,46.0,United Kingdom,Elasticsearch;PostgreSQL,Microsoft SQL Server;MongoDB,"Developer, back-end;Developer, desktop or enterprise applications;Developer, front-end;Developer, full-stack","Master’s degree (M.A., M.S., M.Eng., MBA, etc.)",,Bash/Shell/PowerShell;C#;HTML/CSS;JavaScript;Python;SQL;TypeScript,26
60556,30.0,United States,PostgreSQL,DynamoDB;Elasticsearch;MySQL;SQLite,"Designer;Developer, back-end;Developer, front-end;Developer, full-stack;Developer, QA or test;DevOps specialist","Bachelor’s degree (B.A., B.S., B.Eng., etc.)",Bash/Shell/PowerShell;Java;Kotlin;Python;SQL,Bash/Shell/PowerShell;C++;HTML/CSS;Java;JavaScript;Python;SQL;TypeScript,17
61117,28.0,United States,DynamoDB;IBM DB2;MariaDB;MongoDB;PostgreSQL,DynamoDB;Firebase;MongoDB;MySQL;Oracle;PostgreSQL;SQLite,"Designer;Developer, back-end;Developer, desktop or enterprise applications;Developer, front-end;Developer, full-stack;Developer, mobile;Developer, QA or test;Educator;Marketing or sales professional;Product manager;Scientist",Some college/university study without earning a degree,Bash/Shell/PowerShell;Dart;Go;HTML/CSS;JavaScript;Kotlin;Python;Rust;SQL;TypeScript,Bash/Shell/PowerShell;C;C++;HTML/CSS;Java;JavaScript;Kotlin;Python;Ruby;SQL;TypeScript,15
61361,30.0,United Kingdom,Firebase;PostgreSQL,MongoDB;MySQL,"Developer, back-end;Developer, front-end;Developer, full-stack;Developer, QA or test","Bachelor’s degree (B.A., B.S., B.Eng., etc.)",Go,HTML/CSS;JavaScript;Python;TypeScript,12
61509,23.0,United States,DynamoDB;Firebase;PostgreSQL,DynamoDB;Firebase;PostgreSQL,"Developer, full-stack","Bachelor’s degree (B.A., B.S., B.Eng., etc.)",HTML/CSS;Java;JavaScript;Python;TypeScript,HTML/CSS;Java;JavaScript;Python;TypeScript,5
61584,,United States,,,Academic researcher;Data scientist or machine learning specialist;Scientist;System administrator,"Other doctoral degree (Ph.D., Ed.D., etc.)",C;Kotlin;Python;R;Rust,C;Python;R,10
61689,,Canada,Firebase;PostgreSQL,MongoDB;MySQL,"Developer, full-stack;Developer, game or graphics","Bachelor’s degree (B.A., B.S., B.Eng., etc.)",C#;Python,C#;JavaScript;PHP;Python;SQL,9
61693,26.0,United States,Firebase;Microsoft SQL Server;MongoDB;MySQL;SQLite,Firebase;Microsoft SQL Server;MongoDB;MySQL;SQLite,Data or business analyst;Data scientist or machine learning specialist,"Bachelor’s degree (B.A., B.S., B.Eng., etc.)",Bash/Shell/PowerShell;C#;Go;HTML/CSS;Java;JavaScript;Python;SQL;TypeScript,Bash/Shell/PowerShell;Go;HTML/CSS;JavaScript;Python;SQL;TypeScript,7
61963,34.0,United States,,MariaDB;SQLite,"Academic researcher;Data or business analyst;Data scientist or machine learning specialist;Developer, back-end;Educator;Engineer, site reliability;Scientist;System administrator","Other doctoral degree (Ph.D., Ed.D., etc.)",Haskell;Julia;Python;Rust,Bash/Shell/PowerShell;Python,18
62101,40.0,Germany,PostgreSQL;SQLite,PostgreSQL;SQLite,"Developer, back-end;Developer, front-end;Developer, full-stack;Developer, game or graphics;Developer, mobile","Master’s degree (M.A., M.S., M.Eng., MBA, etc.)",Bash/Shell/PowerShell;C;C#;HTML/CSS;JavaScript;Objective-C;Python;Ruby;Rust,Bash/Shell/PowerShell;C;C#;C++;HTML/CSS;JavaScript;Objective-C;Python;Ruby;Rust,27
62344,34.0,United Kingdom,,PostgreSQL;SQLite,"Developer, desktop or enterprise applications;Developer, embedded applications or devices","Bachelor’s degree (B.A., B.S., B.Eng., etc.)",Python;Rust,C;C++;Objective-C;Python;Ruby;Rust;Swift,20
62362,30.0,United Kingdom,PostgreSQL;Redis;SQLite,MariaDB;PostgreSQL;Redis;SQLite,"Developer, front-end","Master’s degree (M.A., M.S., M.Eng., MBA, etc.)",HTML/CSS;JavaScript;Rust;TypeScript,Haskell;HTML/CSS;JavaScript;Python;Rust;TypeScript,6
62455,30.0,United States,Elasticsearch;Firebase;MongoDB;Redis,Cassandra;Elasticsearch;Firebase;PostgreSQL;Redis;SQLite,"Developer, back-end",Some college/university study without earning a degree,C++;Go;Kotlin;Python;Rust;TypeScript,C++;Dart;Go;Haskell;HTML/CSS;Java;JavaScript;PHP;Python;Rust;TypeScript,21
62592,,United States,DynamoDB;MongoDB;Redis,Elasticsearch;Microsoft SQL Server;MongoDB;MySQL;PostgreSQL;Redis;SQLite,"Developer, back-end;Developer, desktop or enterprise applications;Developer, front-end;Developer, full-stack;Developer, game or graphics;DevOps specialist","Bachelor’s degree (B.A., B.S., B.Eng., etc.)",C++;Dart;Go;Kotlin;Python;Rust,Bash/Shell/PowerShell;C;C#;C++;Go;HTML/CSS;Java;JavaScript;Kotlin;Perl;PHP;Python;Ruby;Rust;SQL;TypeScript,33
62616,30.0,United States,PostgreSQL,Microsoft SQL Server;Oracle;PostgreSQL,Data scientist or machine learning specialist,"Bachelor’s degree (B.A., B.S., B.Eng., etc.)",C++;Julia;Python;Rust;SQL,C;C++;Python;Rust;SQL,11
65341,,United States,IBM DB2;MariaDB;MongoDB;PostgreSQL,DynamoDB;Firebase;Microsoft SQL Server;MongoDB;MySQL;Oracle;PostgreSQL;SQLite,"Designer;Developer, back-end;Developer, desktop or enterprise applications;Developer, front-end;Developer, full-stack;Developer, mobile;Developer, QA or test;Educator",Some college/university study without earning a degree,Dart;Go;HTML/CSS;JavaScript;Kotlin;Python;Ruby;Rust;SQL;TypeScript,Bash/Shell/PowerShell;C;C++;HTML/CSS;Java;JavaScript;Kotlin;Python;Ruby;TypeScript,17
65502,,United States,Microsoft SQL Server;MongoDB,MariaDB;Microsoft SQL Server;MongoDB;PostgreSQL,"Database administrator;Developer, back-end;Developer, desktop or enterprise applications;Developer, front-end;Developer, full-stack","Associate degree (A.A., A.S., etc.)",C#;Perl;Python,C#;HTML/CSS;JavaScript;Perl;Python;SQL;TypeScript,5
65527,,United States,Firebase;IBM DB2;MongoDB;PostgreSQL,DynamoDB;Firebase;Microsoft SQL Server;MongoDB;Oracle;PostgreSQL;SQLite,"Data scientist or machine learning specialist;Designer;Developer, back-end;Developer, desktop or enterprise applications;Developer, front-end;Developer, full-stack;Developer, mobile;Engineer, data;Engineer, site reliability;Engineering manager",Some college/university study without earning a degree,HTML/CSS;JavaScript;Kotlin;Python;Ruby;SQL;TypeScript,Bash/Shell/PowerShell;HTML/CSS;Java;JavaScript;Kotlin;Python;TypeScript,14
